price,square_footage,bedrooms,bathrooms,age,garage_spaces,lot_size,school_rating,crime_rate,neighborhood,property_type
509742.29,2298.03,1,2.5,6.8,0,14209,6.5,1.46,Suburb,Single Family
800000.0,1917.04,2,2.5,0.8,4,9635,9.9,1.1,Waterfront,Single Family
676162.04,2388.61,1,3.5,21.1,3,1801,5.2,3.9,Waterfront,Condo
622907.86,2913.82,6,2.0,46.6,4,4841,7.2,4.6,Hills,Condo
591201.5,1859.51,6,1.5,4.1,0,7893,7.0,4.69,Hills,Single Family
655850.99,1859.52,1,2.5,5.9,0,20000,6.8,2.46,Waterfront,Condo
622824.09,2947.53,1,2.0,3.0,0,5894,6.8,2.73,Downtown,Condo
557311.66,2460.46,4,1.5,12.9,1,9764,6.8,8.99,Hills,Condo
728163.18,1718.32,5,2.5,2.5,2,7987,8.3,3.23,Waterfront,Single Family
611850.86,2325.54,5,3.0,6.6,1,6209,7.9,22.02,Hills,Single Family
378054.47,1721.95,1,2.5,17.9,1,4310,7.6,2.9,Hills,Townhouse
393545.8,1720.56,5,2.5,12.3,0,5379,2.4,5.24,Downtown,Condo
616857.85,2145.18,3,4.0,7.3,3,1000,7.4,0.26,Hills,Single Family
423409.17,852.03,6,2.0,8.2,3,10250,4.5,5.3,Downtown,Single Family
275582.48,965.05,3,2.5,12.4,2,2415,8.0,9.53,Suburb,Single Family
657324.08,1662.63,3,2.0,0.1,2,4145,9.2,14.28,Waterfront,Single Family
373674.07,1392.3,3,2.0,1.2,1,8167,5.6,25.0,Downtown,Single Family
570089.73,2188.55,4,2.0,32.0,0,7436,6.6,1.66,Hills,Single Family
402198.07,1455.19,4,2.0,1.2,1,8000,6.1,4.28,Downtown,Condo
299391.44,1152.62,3,3.0,18.4,0,2692,8.9,3.0,Suburb,Single Family
800000.0,2879.39,3,4.5,37.9,4,6309,7.1,4.15,Waterfront,Condo
574645.69,1864.53,3,2.0,4.7,2,9115,9.6,0.86,Hills,Single Family
509111.13,2040.52,2,2.0,6.9,1,3109,7.6,9.69,Hills,Single Family
413733.98,1145.15,4,2.5,12.6,4,15726,7.4,12.02,Hills,Single Family
573923.1,1673.37,1,3.0,32.0,1,4289,7.1,2.99,Waterfront,Single Family
309928.79,2066.55,1,2.5,42.7,2,1000,8.2,1.65,Suburb,Condo
393047.4,1309.4,6,3.5,20.2,3,4271,4.4,0.76,Downtown,Condo
634426.73,2225.42,1,1.0,1.4,1,11918,7.1,5.76,Downtown,Single Family
557413.99,1639.62,1,1.0,16.6,1,2285,6.9,1.87,Waterfront,Single Family
618116.17,1824.98,1,2.0,7.9,2,2126,8.1,12.01,Waterfront,Single Family
379491.31,1638.98,3,3.5,9.5,1,6677,6.7,5.56,Suburb,Condo
586520.69,3111.37,1,1.0,0.8,1,1968,5.4,5.19,Hills,Condo
659514.29,1991.9,3,1.0,3.2,2,1894,7.0,4.1,Waterfront,Single Family
343744.22,1365.37,6,3.0,23.4,0,2536,5.4,0.23,Downtown,Condo
438761.34,2493.53,1,2.5,9.1,3,14026,4.1,13.44,Suburb,Condo
389463.78,1267.49,2,1.5,5.4,1,7203,8.1,4.94,Hills,Single Family
451081.78,2125.32,3,1.5,7.3,1,5250,7.9,25.0,Hills,Single Family
284550.28,824.2,3,1.5,28.9,1,2676,7.7,3.85,Hills,Townhouse
438718.01,1203.09,6,2.5,20.7,3,9040,9.0,6.19,Downtown,Condo
382584.01,2118.12,5,2.0,4.8,3,7722,6.0,0.29,Industrial,Single Family
552683.12,2443.08,2,3.0,1.9,1,14692,4.9,4.99,Suburb,Single Family
569905.07,2102.82,1,1.0,4.4,2,2259,6.9,7.23,Downtown,Single Family
278518.87,1930.61,6,2.0,38.0,2,2014,6.5,7.54,Industrial,Single Family
336052.03,1819.34,5,1.5,13.1,2,1000,5.7,7.35,Suburb,Condo
504638.74,1112.89,3,2.5,11.4,1,7326,6.9,1.28,Waterfront,Single Family
316366.33,1568.09,2,2.0,13.6,2,6005,6.1,18.52,Suburb,Condo
418401.3,1723.62,3,3.0,6.8,2,3695,4.2,25.0,Waterfront,Condo
628847.62,2634.27,2,1.0,24.7,0,1000,6.3,0.39,Hills,Single Family
522340.61,2206.17,4,2.5,11.1,3,12861,5.3,13.78,Suburb,Single Family
484613.76,942.18,3,3.0,1.9,1,5779,7.3,1.71,Waterfront,Single Family
455414.87,2194.45,3,4.0,2.1,4,11198,6.0,5.84,Suburb,Condo
800000.0,1768.95,6,2.0,11.5,3,11922,8.7,2.06,Waterfront,Single Family
329743.99,1593.85,1,3.0,41.4,4,7176,9.4,17.17,Suburb,Condo
471455.35,2367.01,4,1.0,5.5,3,7934,8.0,0.54,Suburb,Condo
457371.05,2618.6,2,1.0,30.6,0,3025,4.7,3.44,Suburb,Single Family
513525.96,2558.77,2,3.0,21.7,2,5440,9.3,2.79,Suburb,Townhouse
526920.34,1496.47,3,2.5,4.3,2,9964,9.4,1.97,Hills,Townhouse
465888.43,1814.47,3,3.5,0.6,1,2543,7.0,5.19,Suburb,Single Family
543298.17,2198.76,1,1.5,1.6,1,9488,9.0,0.7,Suburb,Single Family
529451.24,2585.33,3,3.0,19.6,1,9076,6.2,6.31,Suburb,Townhouse
381805.57,1712.5,2,4.0,3.3,4,8913,4.2,19.71,Suburb,Townhouse
559589.98,1888.6,4,3.0,7.0,1,5163,5.9,8.16,Hills,Single Family
258642.42,1336.2,6,2.5,10.4,2,2711,9.6,9.83,Industrial,Single Family
356866.39,1282.28,5,2.5,19.4,0,15668,4.8,2.23,Suburb,Single Family
659453.88,2487.52,5,1.0,1.8,1,12340,7.0,1.96,Hills,Townhouse
800000.0,2813.74,3,3.5,7.8,4,5255,7.1,3.64,Waterfront,Single Family
423215.48,1956.79,3,2.0,10.0,0,6012,6.2,0.23,Suburb,Single Family
650632.5,2602.12,1,3.0,11.7,2,4075,6.3,14.53,Waterfront,Condo
775262.39,2216.98,3,1.0,25.6,0,1000,7.1,0.78,Waterfront,Single Family
515790.0,1612.93,4,1.5,2.8,3,4685,6.2,11.67,Waterfront,Condo
642965.29,2216.84,6,3.5,24.7,2,7219,4.9,0.44,Hills,Single Family
440805.39,2922.82,2,2.0,17.7,2,3183,7.3,8.65,Suburb,Condo
507369.84,1978.5,1,3.5,12.2,2,3911,8.6,0.82,Hills,Single Family
577036.85,2938.79,2,2.5,18.0,1,3883,8.3,0.19,Hills,Condo
225989.89,800.0,2,1.0,8.0,2,5494,5.8,6.36,Suburb,Condo
800000.0,2493.14,1,3.0,2.2,2,4207,5.1,1.64,Waterfront,Single Family
449288.04,2052.23,2,2.0,16.4,3,2429,6.6,6.27,Suburb,Single Family
361413.94,1820.6,5,3.0,11.2,3,5480,9.4,4.05,Industrial,Single Family
800000.0,2055.06,6,2.5,15.3,1,6957,8.0,0.58,Waterfront,Single Family
326150.58,807.46,4,1.5,6.2,3,5857,8.1,13.45,Downtown,Condo
312688.39,1868.2,2,2.5,35.6,3,1000,8.3,3.01,Suburb,Condo
800000.0,2214.27,5,4.5,13.3,4,7894,7.6,6.63,Waterfront,Single Family
660969.7,2886.74,4,3.0,1.3,0,1826,7.2,3.48,Downtown,Condo
409755.32,1689.04,3,2.5,9.0,1,6874,8.0,4.64,Downtown,Condo
301232.28,1514.9,4,3.5,21.2,0,7089,6.2,1.8,Suburb,Condo
295608.59,1698.95,1,2.5,23.7,1,1240,4.9,1.12,Suburb,Single Family
596171.86,2549.24,2,2.5,10.2,0,9274,8.1,3.91,Suburb,Single Family
528478.97,2197.25,2,1.5,33.8,2,15562,8.9,2.9,Suburb,Single Family
356903.18,1682.14,3,2.5,4.7,4,4004,5.3,2.47,Suburb,Single Family
800000.0,2307.96,5,3.5,7.9,0,6875,8.2,5.58,Waterfront,Single Family
729487.98,2058.25,3,2.0,34.3,4,3479,9.5,5.86,Waterfront,Single Family
508189.21,2581.19,5,3.5,34.0,0,1803,7.0,0.24,Suburb,Single Family
375939.35,1578.77,2,2.5,17.4,4,9885,5.8,2.07,Suburb,Condo
696826.86,1803.4,4,2.0,29.4,2,6998,7.2,2.65,Waterfront,Single Family
592127.75,1764.74,5,3.5,1.4,3,2863,6.2,0.51,Downtown,Single Family
331467.86,1121.89,2,2.5,30.0,1,1879,6.1,1.35,Downtown,Single Family
699641.64,2177.67,1,3.0,5.8,4,16121,7.6,0.27,Downtown,Single Family
435537.44,2156.63,1,2.5,2.9,2,1453,4.6,25.0,Hills,Single Family
593004.4,2003.07,4,2.5,4.1,1,7698,4.8,6.67,Hills,Single Family
527276.78,1859.25,3,3.0,8.1,0,5712,7.0,0.46,Hills,Single Family
452244.65,1150.78,4,2.5,4.3,3,8615,7.0,0.1,Hills,Single Family
668066.32,1747.61,1,1.0,5.8,4,13396,7.5,6.35,Waterfront,Single Family
381280.96,1794.37,1,1.5,2.2,2,1000,9.8,2.89,Suburb,Single Family
503470.18,1518.63,2,3.0,5.3,4,2082,7.2,7.73,Waterfront,Condo
564496.27,1903.23,2,2.5,12.7,3,4573,7.9,12.85,Downtown,Single Family
800000.0,2242.43,1,2.0,8.7,2,14103,5.5,4.57,Waterfront,Single Family
800000.0,3131.71,2,1.5,6.4,4,3605,8.2,1.04,Hills,Single Family
718986.15,2104.75,5,1.5,20.6,1,3064,6.2,7.62,Waterfront,Single Family
405821.33,2154.53,2,1.0,33.6,2,1000,7.1,15.6,Suburb,Single Family
423191.27,1955.33,3,2.5,21.2,2,2819,6.8,4.34,Suburb,Single Family
449257.5,848.74,4,2.0,6.1,1,7512,8.5,5.73,Waterfront,Condo
676350.37,1984.09,2,1.5,20.5,0,4595,5.0,2.06,Waterfront,Single Family
526586.88,2036.14,2,2.5,2.5,3,2759,3.6,2.4,Hills,Single Family
635186.98,3477.95,2,3.0,2.1,3,16253,6.7,6.63,Suburb,Condo
550378.27,1884.58,5,4.0,6.4,3,3988,7.7,13.14,Hills,Townhouse
770557.75,2180.93,3,1.5,24.7,2,5493,7.2,4.96,Waterfront,Single Family
598046.34,1979.17,2,3.5,4.2,3,2614,8.8,7.8,Hills,Single Family
553219.4,1298.79,4,3.5,1.0,3,1790,7.7,0.94,Waterfront,Single Family
800000.0,2685.69,6,2.0,2.1,0,8226,6.2,1.19,Waterfront,Single Family
688789.12,2451.16,1,2.5,29.4,1,1001,3.5,3.8,Waterfront,Single Family
754429.64,2474.62,6,2.0,15.1,4,7064,6.6,0.97,Hills,Single Family
264511.9,1454.37,3,2.5,4.4,1,6364,8.5,5.04,Industrial,Condo
743901.07,2841.68,1,3.5,12.2,2,1965,6.4,1.72,Downtown,Single Family
429893.89,1158.89,2,3.0,11.2,3,2365,7.0,7.84,Downtown,Single Family
625618.29,2352.11,1,3.0,16.0,1,4013,7.6,8.25,Hills,Single Family
800000.0,3314.27,4,2.0,4.0,1,1656,5.5,3.12,Waterfront,Condo
605729.39,1405.68,3,1.5,30.0,4,1000,7.9,1.0,Waterfront,Single Family
350871.86,1660.22,2,2.5,5.6,4,4339,9.5,5.2,Suburb,Condo
539536.51,2059.79,1,3.5,17.8,1,8520,6.7,24.66,Downtown,Single Family
488645.91,1697.91,2,1.5,0.2,1,5928,5.3,4.87,Hills,Single Family
418545.22,1069.6,3,1.5,7.0,4,10700,6.9,0.18,Hills,Single Family
439081.73,2041.14,3,2.5,6.5,0,3627,3.7,0.09,Suburb,Single Family
372278.79,1362.62,1,1.5,11.8,2,5134,7.5,1.93,Suburb,Single Family
652267.85,2284.16,6,2.0,1.1,1,2367,7.7,1.09,Hills,Single Family
423256.61,1448.35,2,2.0,23.4,2,5305,9.5,8.38,Downtown,Single Family
629399.01,2929.96,3,1.5,3.7,2,10304,6.7,9.32,Hills,Condo
382285.58,1530.05,4,1.5,17.0,1,7210,7.6,1.5,Suburb,Single Family
750024.43,1806.76,3,3.0,24.4,3,11317,5.7,1.97,Waterfront,Single Family
714379.99,2488.11,6,1.5,12.4,3,6179,6.5,1.35,Hills,Single Family
438108.99,1261.48,5,1.0,20.3,3,4615,4.7,11.95,Waterfront,Condo
481954.7,2136.48,2,2.0,16.3,1,13495,6.7,3.49,Suburb,Townhouse
800000.0,2784.29,1,3.0,6.6,0,5466,6.5,5.34,Waterfront,Single Family
359133.24,1035.51,5,2.5,24.8,2,15465,7.4,2.68,Suburb,Single Family
513275.91,2110.78,3,2.0,5.2,1,9417,6.1,4.98,Suburb,Single Family
376019.9,2155.93,5,2.5,12.7,4,2852,7.1,2.44,Industrial,Townhouse
476364.34,2469.09,1,1.0,20.5,4,4263,6.5,2.08,Hills,Condo
660288.46,1257.83,3,3.0,7.1,1,13417,6.5,5.03,Waterfront,Single Family
350508.04,1207.73,3,3.0,5.4,0,10702,7.1,4.47,Suburb,Single Family
678327.85,2313.16,3,2.0,9.2,2,8431,7.1,1.74,Downtown,Single Family
667076.34,2178.19,2,3.5,25.6,2,7800,8.1,0.81,Downtown,Single Family
567940.83,2150.3,1,1.5,39.9,4,1506,6.8,2.3,Waterfront,Condo
614636.0,2207.87,4,3.5,11.8,1,1869,6.5,2.68,Hills,Single Family
558688.02,1591.99,1,2.5,16.2,1,5960,6.7,4.95,Waterfront,Single Family
449940.56,2139.35,6,2.0,35.0,2,2410,5.9,12.3,Hills,Condo
517096.62,2175.84,2,2.5,1.6,4,4039,6.5,0.18,Downtown,Condo
384047.65,1571.39,3,2.5,4.0,1,3813,10.0,1.4,Suburb,Single Family
505702.33,3119.46,3,3.5,18.5,0,7526,5.6,1.08,Suburb,Condo
498359.45,2284.3,6,1.5,26.0,1,6131,6.6,3.49,Suburb,Single Family
365090.17,1285.22,2,2.0,29.2,1,10147,6.4,2.81,Downtown,Condo
318551.68,2393.93,1,3.5,8.0,0,6217,6.6,6.53,Industrial,Condo
359696.35,1415.19,5,2.0,1.4,1,5876,6.5,1.39,Suburb,Single Family
534119.25,2472.25,2,3.0,8.6,1,4998,7.4,4.51,Hills,Condo
494493.79,2695.16,6,4.0,3.9,4,11214,4.4,10.76,Suburb,Condo
290442.8,1507.59,3,2.0,5.2,4,5039,8.6,12.08,Industrial,Single Family
800000.0,2578.03,4,3.0,22.2,1,2779,7.9,15.94,Waterfront,Single Family
448101.68,2247.67,2,1.5,1.2,1,8067,5.1,7.42,Hills,Condo
612920.26,2493.24,1,3.0,26.4,1,4578,3.6,11.82,Downtown,Single Family
790951.14,3138.08,3,2.5,8.4,2,9338,5.5,1.34,Hills,Single Family
477069.58,1852.77,5,3.0,13.6,0,12026,6.6,1.1,Hills,Condo
410223.15,1547.76,3,2.0,1.4,4,4270,10.0,0.03,Downtown,Condo
539269.88,1466.29,2,1.0,6.2,2,11740,7.8,6.14,Downtown,Single Family
398242.99,1510.51,3,3.0,1.4,2,9505,4.3,13.86,Suburb,Single Family
460995.76,1953.74,3,1.0,48.9,1,3207,6.0,1.03,Hills,Single Family
673411.35,2204.69,2,2.0,24.7,1,2451,6.9,5.07,Waterfront,Single Family
779223.65,2166.01,2,3.5,9.2,1,2276,7.4,6.86,Waterfront,Single Family
525663.56,2496.31,3,2.5,3.8,4,1827,5.0,13.13,Downtown,Condo
591382.81,2007.8,2,4.0,40.6,2,10982,6.8,5.2,Downtown,Single Family
719316.55,2872.12,1,3.5,6.3,1,4318,5.9,17.58,Hills,Single Family
500384.95,1841.21,2,2.0,2.6,0,2892,5.3,2.11,Downtown,Single Family
800000.0,3632.1,4,2.5,12.4,4,3366,7.4,2.15,Waterfront,Townhouse
630815.79,2375.4,4,2.5,43.2,0,7275,8.2,3.92,Hills,Single Family
475836.21,1485.71,4,1.0,0.1,4,14279,8.3,2.42,Suburb,Single Family
580677.44,1357.46,3,1.5,4.1,1,3245,7.9,0.01,Waterfront,Single Family
643968.66,2289.48,3,2.0,41.8,3,8777,6.3,6.58,Downtown,Single Family
677478.81,1865.92,1,1.0,2.8,2,5024,8.1,6.97,Waterfront,Single Family
565647.59,2428.4,4,2.5,1.8,2,7337,7.5,6.87,Suburb,Single Family
633268.91,2283.94,2,2.5,12.7,3,2575,7.2,2.12,Hills,Single Family
384017.92,1956.3,2,1.0,29.7,1,8155,6.1,3.69,Suburb,Single Family
387753.87,1491.92,2,3.0,9.7,1,4052,6.3,2.23,Suburb,Single Family
507689.16,1091.09,6,3.0,50.0,1,3495,7.1,0.08,Waterfront,Single Family
434166.0,1732.09,1,2.5,17.1,2,4874,10.0,4.13,Suburb,Single Family
706187.86,2513.84,2,2.0,1.2,1,7656,7.5,0.66,Hills,Single Family
424835.3,2128.46,2,3.0,50.0,1,4418,6.1,0.42,Suburb,Single Family
444172.23,1252.56,2,3.0,7.9,1,3523,5.8,7.04,Waterfront,Single Family
419794.34,2103.91,5,2.5,5.1,3,4532,6.3,0.05,Suburb,Condo
782670.42,2231.19,3,2.0,12.2,4,4448,10.0,15.97,Waterfront,Single Family
460936.32,1469.69,1,2.5,5.4,2,7223,6.4,3.62,Downtown,Single Family
425901.79,2092.24,3,3.5,1.4,0,3709,8.4,20.38,Suburb,Single Family
428080.16,2034.93,5,2.0,0.0,0,3635,6.4,0.3,Suburb,Townhouse
350715.89,1314.22,4,4.0,9.0,3,2595,7.4,4.38,Hills,Condo
463133.2,2214.67,4,2.0,27.2,3,7553,8.2,2.15,Suburb,Single Family
658742.55,2336.47,5,2.5,12.7,4,5551,6.1,9.27,Hills,Single Family
706049.73,2649.83,2,2.0,50.0,2,11168,6.0,2.24,Hills,Single Family
635360.33,2632.28,3,2.5,5.1,0,10220,9.5,1.51,Suburb,Single Family
500794.47,1173.4,2,1.0,4.9,2,5959,8.5,9.74,Waterfront,Single Family
452738.46,1437.3,6,2.0,2.6,3,4646,8.2,2.35,Downtown,Condo
524375.84,2309.02,3,1.5,2.7,2,5036,8.2,0.08,Suburb,Single Family
518680.83,2308.27,4,2.5,5.0,1,3055,7.7,2.47,Hills,Condo
800000.0,2309.03,5,3.5,23.6,2,2619,10.0,5.31,Waterfront,Single Family
800000.0,4000.0,4,3.0,35.4,2,2308,7.1,1.47,Waterfront,Condo
423397.84,2342.53,3,1.0,50.0,1,4355,7.9,2.83,Suburb,Condo
521644.14,2681.34,3,4.0,4.0,1,1000,4.8,0.29,Suburb,Single Family
748645.62,2572.4,1,2.5,32.0,4,13914,5.8,4.43,Downtown,Single Family
600122.94,2390.83,4,2.0,6.0,2,2090,5.2,7.06,Hills,Single Family
800000.0,1810.84,4,2.5,1.8,4,16453,8.9,2.67,Waterfront,Single Family
567445.56,2455.38,3,2.5,30.6,1,2116,3.2,2.73,Hills,Single Family
355994.17,1536.3,2,2.0,15.2,1,5057,6.4,0.46,Suburb,Single Family
446981.28,1857.91,5,2.5,2.7,3,6650,2.5,1.13,Suburb,Single Family
356599.95,1708.78,1,2.0,8.4,2,5393,5.8,0.84,Suburb,Townhouse
605311.58,2049.12,6,2.0,5.1,1,3237,6.3,3.29,Downtown,Single Family
600957.53,3388.8,3,2.0,20.0,1,3110,9.1,3.77,Suburb,Townhouse
292142.9,879.64,4,1.5,9.1,1,8844,7.6,14.87,Hills,Single Family
473016.47,2411.76,2,2.5,50.0,1,11388,5.8,0.38,Hills,Condo
447091.87,1032.37,1,3.0,0.8,0,1000,8.6,4.58,Waterfront,Single Family
457020.62,1716.84,4,3.0,6.6,3,6041,7.0,3.74,Suburb,Single Family
594175.36,2653.37,3,3.0,9.9,4,7698,7.1,3.63,Downtown,Condo
542977.37,2038.57,4,3.0,10.5,1,5740,5.2,10.32,Hills,Single Family
373524.42,1353.35,3,2.0,5.7,3,1442,5.5,1.15,Downtown,Condo
434678.91,1570.82,1,3.0,19.6,0,7277,5.8,0.21,Hills,Single Family
495032.46,2407.76,1,1.5,31.2,3,10366,7.1,5.58,Suburb,Single Family
329290.17,1561.78,3,2.0,41.9,1,2559,7.1,2.12,Suburb,Single Family
447901.49,2129.88,2,1.5,24.5,2,3208,9.3,0.09,Hills,Condo
649856.08,2027.34,6,3.5,28.5,3,5815,7.6,1.45,Downtown,Single Family
480382.18,1609.04,2,3.5,12.0,2,4745,2.9,1.85,Waterfront,Condo
800000.0,3286.37,4,3.0,26.2,1,3222,7.4,4.8,Waterfront,Condo
487476.49,2380.35,3,3.5,5.4,1,1782,4.8,0.95,Suburb,Single Family
272689.43,800.0,6,2.0,7.6,2,3450,5.6,2.66,Suburb,Single Family
624964.83,2111.87,5,3.0,5.7,1,1000,5.8,3.29,Waterfront,Condo
486876.91,1602.93,4,2.5,9.4,2,7793,6.0,3.07,Hills,Single Family
645979.52,2511.46,1,3.0,5.0,2,2819,4.9,18.24,Downtown,Single Family
437177.4,1524.49,6,2.5,48.9,3,8677,7.3,0.23,Hills,Single Family
382909.11,1931.16,1,2.0,5.6,4,4211,4.9,15.08,Suburb,Single Family
545228.08,2302.99,2,3.0,1.5,2,5567,7.5,4.36,Suburb,Single Family
521096.41,2519.45,1,3.0,11.2,2,1114,10.0,7.94,Suburb,Single Family
350899.41,1279.82,3,2.0,0.9,1,8200,5.0,2.81,Downtown,Condo
690061.41,1799.3,2,2.5,1.8,4,20000,6.6,3.02,Downtown,Single Family
260319.02,1715.03,1,1.5,3.7,2,3727,3.2,10.57,Industrial,Single Family
321896.26,1608.0,1,1.0,9.4,2,5490,6.5,11.31,Suburb,Townhouse
648888.77,3059.27,1,2.5,8.5,0,6011,8.0,1.36,Downtown,Condo
504868.21,2242.99,1,3.0,24.1,1,1567,8.1,1.11,Downtown,Condo
387665.35,1243.47,5,2.5,20.2,1,2008,7.1,3.43,Hills,Single Family
545224.25,2550.72,2,1.0,8.3,1,7388,8.3,11.53,Hills,Condo
762860.44,3273.29,6,2.0,6.1,2,2561,10.0,1.95,Suburb,Single Family
674709.51,2619.48,2,1.0,5.7,3,4183,9.6,5.28,Downtown,Single Family
331805.06,1088.38,5,3.5,22.3,3,5576,6.2,6.16,Suburb,Single Family
484017.73,1709.46,2,1.5,0.8,4,7576,4.8,7.54,Downtown,Single Family
682948.86,2760.15,1,3.5,0.2,3,4364,6.4,4.15,Downtown,Condo
337475.11,1575.4,1,3.5,23.8,1,4453,5.6,2.57,Suburb,Single Family
476510.7,2266.29,2,2.0,9.7,3,20000,7.7,17.06,Suburb,Condo
711963.25,2464.78,3,1.5,2.1,1,9655,5.2,4.73,Waterfront,Condo
340493.27,1443.84,2,3.0,4.0,2,3811,6.9,6.52,Suburb,Single Family
458580.66,1964.28,1,2.0,40.4,0,4494,8.3,2.12,Hills,Single Family
419762.38,800.0,5,2.5,29.4,1,15810,6.8,5.54,Hills,Single Family
622298.65,1385.37,5,2.0,18.6,1,7595,5.6,1.49,Waterfront,Single Family
527687.86,1848.46,2,1.0,9.9,4,10519,8.8,1.41,Suburb,Single Family
240815.85,1251.33,1,1.0,11.0,1,3734,4.2,6.27,Suburb,Townhouse
577561.21,2979.45,3,2.5,50.0,2,3391,6.5,3.68,Suburb,Single Family
346660.82,1141.92,1,2.0,50.0,2,13339,6.9,5.75,Hills,Single Family
329828.84,1735.97,2,2.0,3.6,1,4759,7.0,1.57,Suburb,Condo
579221.21,2078.44,6,3.0,25.0,3,4702,7.3,4.57,Hills,Single Family
660305.82,2864.76,6,3.5,3.3,4,3539,7.9,2.93,Hills,Condo
326199.48,1138.48,3,2.5,3.6,0,10238,6.9,4.54,Suburb,Single Family
800000.0,2697.9,3,2.0,16.9,2,5788,6.4,1.72,Waterfront,Single Family
583730.55,2006.14,3,3.0,7.8,2,1894,6.4,6.28,Downtown,Single Family
295363.69,1411.09,1,1.5,40.2,4,3222,6.1,8.2,Suburb,Single Family
615428.49,2277.26,3,2.5,1.4,2,11724,8.2,1.5,Suburb,Single Family
408633.89,2119.44,4,3.0,10.7,2,5890,6.0,1.79,Suburb,Condo
546258.81,1639.87,4,3.0,37.6,4,10308,8.3,5.41,Hills,Single Family
422984.92,2041.88,1,1.0,35.2,1,6703,7.0,5.95,Suburb,Townhouse
447191.38,1768.81,3,2.0,2.6,4,2140,6.2,6.09,Suburb,Single Family
789486.39,2068.11,1,2.0,6.9,3,7231,7.9,5.74,Waterfront,Single Family
800000.0,2397.28,2,2.5,14.5,4,4846,5.9,2.49,Waterfront,Single Family
585347.59,2951.61,4,3.0,2.6,0,3297,8.0,2.51,Suburb,Townhouse
382495.41,1257.31,6,3.5,50.0,3,3536,7.3,1.47,Hills,Single Family
800000.0,3279.82,3,2.0,36.9,1,10130,6.1,0.85,Waterfront,Single Family
225914.39,828.75,2,2.0,2.7,1,6036,7.8,5.9,Suburb,Condo
647658.69,1908.93,4,3.5,1.9,2,5728,7.8,0.49,Downtown,Single Family
488868.06,2352.99,2,2.5,1.3,2,14237,8.7,13.89,Suburb,Condo
532454.66,2168.6,4,3.5,36.0,1,2856,8.4,8.76,Hills,Single Family
553845.71,1626.38,2,2.5,3.2,2,4671,7.7,9.74,Waterfront,Condo
495552.91,1875.13,6,1.5,8.1,3,3065,5.3,11.86,Hills,Townhouse
357451.07,1704.2,2,1.5,8.9,2,7132,10.0,2.63,Suburb,Condo
446327.32,1646.38,1,1.5,13.7,2,5804,4.9,9.38,Downtown,Single Family
800000.0,2509.76,5,3.0,1.1,4,3794,8.4,0.86,Downtown,Single Family
510712.67,2214.21,3,3.5,3.9,1,4176,7.6,0.11,Suburb,Townhouse
570902.51,1584.25,2,4.0,40.2,0,9451,5.2,7.68,Waterfront,Single Family
720907.24,2539.76,5,3.0,35.9,3,11146,6.8,0.39,Hills,Single Family
368937.22,2184.38,4,3.5,22.8,2,3210,6.9,22.34,Suburb,Condo
715129.95,2487.72,4,2.0,0.3,4,20000,9.0,5.62,Suburb,Single Family
517223.18,2377.78,6,1.5,5.9,3,1524,5.9,7.0,Suburb,Single Family
367636.3,1502.6,2,3.0,14.8,4,2063,6.6,1.41,Suburb,Single Family
400409.47,1663.89,2,3.0,4.8,1,4033,3.5,5.6,Suburb,Single Family
734621.81,2448.38,5,2.5,36.1,4,2727,9.6,0.22,Downtown,Single Family
429905.96,2366.22,4,3.0,15.1,1,2451,5.4,9.1,Suburb,Condo
655000.61,1987.46,3,3.0,1.1,2,10963,7.5,0.93,Downtown,Single Family
374289.21,2070.4,2,3.5,36.0,4,7316,6.8,5.98,Suburb,Condo
651348.96,2766.6,4,3.5,47.5,2,5368,6.9,1.27,Downtown,Condo
546151.06,1645.06,4,3.0,1.2,0,3311,8.2,0.35,Waterfront,Condo
548405.16,2328.26,5,3.0,11.4,2,2142,9.5,3.28,Suburb,Single Family
250865.11,1878.68,1,3.0,5.4,2,2054,7.4,0.93,Industrial,Condo
431175.7,1869.39,2,2.0,7.5,0,10926,8.0,6.54,Suburb,Single Family
589484.66,2659.27,1,3.0,3.0,1,10626,7.5,1.36,Suburb,Single Family
464266.14,2495.25,4,1.5,12.9,3,4107,8.5,2.1,Suburb,Condo
591400.78,2488.11,1,3.5,47.5,0,1403,6.3,4.19,Downtown,Single Family
701918.51,2783.29,3,1.5,10.5,1,7765,8.6,1.68,Hills,Townhouse
640631.27,2012.6,1,2.5,1.3,1,4119,8.7,2.37,Downtown,Single Family
511492.31,2409.17,2,2.0,14.5,2,9729,8.6,8.45,Hills,Condo
525522.82,1813.84,5,3.0,6.2,0,2024,6.0,0.99,Hills,Single Family
720048.16,2194.5,4,2.5,29.1,0,5336,6.7,0.43,Waterfront,Townhouse
710584.43,1921.91,3,1.0,8.6,0,1859,7.4,1.99,Waterfront,Single Family
760972.02,2058.2,3,3.0,3.2,3,2791,4.9,2.76,Waterfront,Single Family
570928.38,2357.09,5,2.0,3.2,3,2734,9.4,3.91,Suburb,Single Family
597437.41,1509.07,3,3.0,22.0,0,4057,7.0,2.33,Waterfront,Single Family
800000.0,3255.43,2,2.5,4.6,2,11554,7.4,7.8,Downtown,Single Family
423930.16,1396.39,1,3.0,21.9,3,5543,6.1,0.2,Downtown,Single Family
353358.3,1271.49,2,1.5,3.5,4,8658,5.0,2.83,Suburb,Single Family
800000.0,2694.87,1,2.0,5.8,3,5295,6.1,2.41,Waterfront,Single Family
613875.81,2475.0,2,2.0,9.4,1,3631,7.3,5.21,Hills,Single Family
468042.98,2374.47,1,3.0,43.0,3,1000,8.0,16.95,Downtown,Condo
479209.27,2377.01,3,4.0,40.3,2,2123,7.2,3.57,Hills,Condo
286910.02,1992.65,3,2.0,3.5,0,5001,7.5,21.67,Suburb,Condo
349077.65,1461.65,6,3.5,6.7,2,5669,6.5,1.8,Suburb,Condo
549258.95,2045.48,5,1.0,2.4,4,9753,7.7,0.16,Suburb,Single Family
418894.16,1593.7,6,1.5,10.7,3,1065,9.2,0.91,Suburb,Single Family
590148.93,2585.07,1,1.5,9.3,2,18500,8.1,2.51,Suburb,Single Family
504830.2,1911.77,2,1.5,34.7,3,1000,8.2,1.9,Waterfront,Condo
416064.99,1504.7,4,1.0,39.9,3,4763,7.4,0.51,Hills,Townhouse
445665.42,1807.17,2,3.0,7.3,1,3121,4.7,2.83,Suburb,Single Family
487572.55,2247.76,1,2.5,10.2,1,2157,5.4,2.06,Suburb,Single Family
531146.47,1661.77,4,3.0,34.0,4,13656,7.7,0.65,Hills,Single Family
475327.1,1506.67,4,3.0,24.7,2,3226,7.0,1.76,Hills,Single Family
441759.97,2146.21,1,2.5,0.1,4,1000,7.7,10.88,Suburb,Single Family
514259.51,2146.98,4,3.0,5.8,4,1619,9.5,1.8,Suburb,Single Family
482010.75,1695.83,3,2.5,8.2,2,10569,8.1,6.26,Hills,Townhouse
644082.41,1717.38,1,1.5,3.9,2,1696,8.9,4.73,Waterfront,Single Family
462340.83,2139.23,2,3.5,3.3,3,1311,7.1,2.79,Suburb,Townhouse
256274.39,1131.15,1,2.0,0.6,4,5748,5.8,1.37,Suburb,Condo
289139.35,1155.52,2,2.0,15.5,1,4034,6.9,2.3,Hills,Condo
424511.32,1568.93,2,2.5,4.6,2,6946,5.8,4.48,Downtown,Condo
278352.41,1871.93,3,2.0,0.8,1,3644,9.3,2.16,Industrial,Condo
619965.11,2186.54,4,2.0,3.9,4,8298,8.2,1.21,Downtown,Condo
562962.12,2885.21,4,3.0,24.3,2,1470,7.8,0.62,Hills,Condo
494003.99,2514.6,1,3.0,28.6,2,1206,8.9,10.59,Suburb,Single Family
356894.92,1904.04,3,2.0,9.9,1,6138,4.0,2.9,Suburb,Townhouse
441271.07,1988.59,1,2.0,8.1,4,4039,7.9,4.91,Hills,Condo
244966.24,1398.48,3,3.5,50.0,2,3487,5.0,3.37,Suburb,Condo
600958.36,1988.89,1,3.0,3.4,3,7762,7.0,10.3,Waterfront,Condo
682852.46,1826.8,4,4.0,3.6,1,20000,6.5,3.96,Downtown,Single Family
732843.68,2193.63,5,3.5,5.2,4,11839,8.0,3.28,Downtown,Single Family
336262.7,1503.66,1,3.5,2.8,4,7997,7.3,12.92,Suburb,Single Family
800000.0,2311.61,3,1.5,7.2,0,3363,9.0,6.36,Waterfront,Single Family
685318.23,2919.64,3,3.0,36.3,4,14337,6.1,0.59,Downtown,Condo
572106.53,1934.74,3,2.5,14.3,3,1628,8.1,0.98,Downtown,Single Family
528211.17,2241.03,2,2.0,8.0,2,6772,7.2,7.74,Suburb,Single Family
727768.85,2414.09,3,2.5,40.9,3,4312,4.5,9.03,Waterfront,Single Family
530328.66,1759.27,3,3.5,0.7,0,3364,5.6,3.94,Hills,Single Family
442246.58,2134.46,4,3.0,3.5,2,1858,6.8,4.04,Suburb,Condo
541180.47,2007.56,3,2.0,12.5,2,20000,8.7,5.0,Downtown,Condo
538250.46,2058.61,1,3.0,14.3,1,3341,7.7,2.89,Hills,Single Family
337639.62,1536.19,2,2.0,0.6,3,1000,5.2,5.7,Suburb,Single Family
537600.51,2014.71,4,2.5,7.7,2,8931,6.8,0.57,Hills,Single Family
555718.97,2298.8,1,2.5,15.7,2,6352,10.0,16.26,Hills,Single Family
740506.46,2870.69,4,2.5,18.0,2,3994,7.2,6.93,Hills,Single Family
541119.36,2575.56,2,3.0,15.2,3,3697,6.5,4.99,Suburb,Townhouse
800000.0,3291.91,1,1.5,5.8,3,4692,7.7,1.9,Hills,Single Family
581490.52,1539.59,5,4.0,1.5,3,8983,8.1,0.88,Hills,Single Family
800000.0,2523.39,6,1.0,8.4,1,6418,6.3,2.63,Waterfront,Single Family
436222.28,2110.01,1,2.0,2.1,2,7198,7.8,5.42,Suburb,Condo
620541.52,3313.88,6,3.0,44.2,3,7195,6.5,5.02,Suburb,Condo
439134.67,1515.02,4,3.0,9.7,0,9267,8.1,2.41,Downtown,Condo
633646.0,1496.17,3,2.5,5.7,3,11162,7.3,4.75,Waterfront,Single Family
434639.23,1640.36,3,2.5,21.8,1,2841,7.7,8.4,Waterfront,Condo
279832.02,800.0,1,3.0,10.3,1,5742,5.9,0.13,Suburb,Single Family
429519.79,1684.55,3,2.5,5.6,0,10808,5.8,2.99,Suburb,Single Family
380421.41,1544.52,3,3.5,25.1,2,2823,8.4,7.11,Suburb,Single Family
733198.5,2090.24,1,3.0,30.3,3,12498,6.9,3.95,Waterfront,Single Family
435443.16,2205.05,1,3.0,16.8,2,2801,7.4,5.27,Hills,Condo
590443.36,3125.7,2,1.5,0.7,4,6591,6.5,3.64,Suburb,Townhouse
529420.92,2570.25,4,2.5,12.5,1,4050,8.3,24.06,Suburb,Single Family
437465.04,1653.86,6,2.5,21.6,2,3540,6.1,0.28,Downtown,Condo
472735.5,1460.95,3,1.5,2.2,1,6943,6.8,3.38,Waterfront,Condo
610551.1,2295.15,3,3.0,3.9,2,11225,8.2,0.48,Hills,Townhouse
417771.98,1207.86,2,2.0,32.1,4,3974,8.8,0.87,Hills,Single Family
669283.53,3098.88,1,3.0,0.3,0,11913,6.2,2.41,Suburb,Single Family
410479.17,2707.66,1,1.5,21.0,3,2713,9.9,0.85,Industrial,Single Family
432300.36,1718.49,2,4.0,9.6,1,11336,7.5,16.58,Downtown,Condo
390588.3,972.12,6,2.0,8.9,2,5421,5.4,14.67,Waterfront,Single Family
800000.0,2812.32,6,2.5,0.1,1,6302,7.6,2.05,Downtown,Single Family
477317.4,1931.28,3,3.0,25.7,2,1805,6.4,5.1,Hills,Single Family
800000.0,2742.69,3,2.0,6.7,3,3420,7.7,3.82,Waterfront,Single Family
465991.67,1043.34,2,3.0,11.7,3,4892,6.9,8.45,Waterfront,Condo
443899.5,1640.37,5,1.5,17.0,1,10390,7.1,4.94,Hills,Condo
438525.74,2003.15,3,3.5,18.2,1,4236,5.6,0.0,Suburb,Condo
457261.1,2028.19,2,2.5,46.8,3,2528,8.5,7.2,Downtown,Condo
462619.67,1729.96,2,2.0,11.4,4,5929,5.3,6.87,Hills,Single Family
574314.05,2373.71,2,2.5,7.7,1,17112,5.3,3.56,Suburb,Single Family
468316.72,1359.43,3,3.0,46.1,3,6414,7.6,11.66,Downtown,Single Family
458317.0,1914.57,1,2.0,15.4,1,4197,9.4,11.95,Suburb,Single Family
796864.99,2072.18,6,2.0,5.3,1,5966,6.5,3.71,Waterfront,Single Family
569824.4,2308.66,4,2.5,2.0,2,2376,8.1,4.68,Downtown,Condo
505705.2,2426.97,6,1.5,27.7,0,13014,8.6,25.0,Suburb,Single Family
465757.5,1325.21,2,4.0,6.7,2,12864,8.2,1.77,Downtown,Condo
348230.56,1079.53,5,2.0,16.2,2,2292,6.5,1.96,Suburb,Single Family
738763.99,2766.61,2,3.0,9.5,1,12649,5.4,1.01,Hills,Single Family
317220.71,2199.39,3,2.5,3.3,4,6011,3.7,11.31,Industrial,Single Family
696364.61,1550.91,6,1.5,13.8,4,8110,6.6,6.82,Waterfront,Single Family
695553.52,2930.69,6,2.5,0.9,2,4970,8.8,0.56,Suburb,Single Family
543315.34,2069.4,5,3.0,8.0,1,5259,5.3,20.02,Hills,Single Family
800000.0,2707.58,4,2.5,11.9,2,3015,8.1,6.56,Waterfront,Single Family
444340.96,2040.51,3,3.5,8.6,3,2324,5.6,9.5,Suburb,Single Family
778549.33,3236.45,1,3.5,20.7,0,2216,7.2,0.25,Hills,Single Family
678664.42,3053.2,4,3.0,26.4,1,10602,8.1,3.52,Hills,Condo
392408.51,1850.62,3,2.0,22.1,4,5721,6.0,6.0,Hills,Condo
656536.86,2582.94,4,1.5,0.6,3,2419,7.3,3.91,Hills,Single Family
405835.09,2387.23,2,2.0,3.2,0,5378,6.4,5.49,Suburb,Condo
490598.58,2821.18,2,2.5,11.5,4,1041,8.1,8.52,Suburb,Condo
453790.55,1421.05,4,3.0,41.0,2,2377,7.4,2.34,Waterfront,Condo
519868.33,2411.63,4,1.0,27.0,2,11312,7.1,9.44,Suburb,Single Family
547312.49,2635.05,1,2.5,27.7,1,3287,9.3,0.89,Suburb,Single Family
325534.46,944.76,2,2.5,5.4,4,10385,8.0,1.58,Hills,Condo
445721.25,1290.04,4,2.5,8.4,1,4665,6.0,0.22,Hills,Single Family
263226.46,800.0,2,3.5,9.5,1,8148,6.9,2.27,Suburb,Townhouse
426254.7,1838.36,3,3.0,2.6,3,1881,6.9,2.39,Hills,Condo
704112.59,2430.53,5,3.5,0.5,2,7303,7.1,8.18,Hills,Single Family
800000.0,2901.41,2,2.5,44.0,2,1000,10.0,5.29,Waterfront,Single Family
452515.13,2044.46,2,3.0,4.1,1,3539,7.6,2.87,Suburb,Single Family
652169.86,2977.17,2,4.0,4.1,2,11723,3.9,5.28,Suburb,Single Family
336137.45,1171.94,2,3.5,1.3,2,5126,6.2,0.27,Suburb,Single Family
305677.27,977.97,4,1.5,39.6,1,2276,4.1,0.99,Downtown,Single Family
456070.15,1966.67,2,2.5,13.0,2,11069,6.5,4.93,Suburb,Single Family
523328.87,2230.44,2,2.0,16.5,1,18488,4.0,5.13,Suburb,Single Family
408618.05,1980.38,3,3.0,36.4,3,4109,5.7,7.44,Suburb,Townhouse
234839.43,800.0,2,3.0,6.4,0,1123,4.7,2.58,Hills,Single Family
476708.33,1946.53,2,2.0,14.6,1,5181,7.6,6.41,Downtown,Townhouse
350474.9,1217.32,2,2.5,0.6,2,8498,7.0,5.76,Hills,Townhouse
800000.0,2401.8,5,1.0,3.1,3,4289,7.5,16.54,Waterfront,Single Family
537023.48,2219.96,4,3.5,26.7,3,1000,6.8,1.21,Downtown,Condo
387670.39,1436.07,4,2.0,21.8,0,7905,4.9,4.01,Hills,Single Family
538437.86,1691.68,4,2.5,6.5,1,2727,7.8,4.6,Waterfront,Condo
361138.59,1364.47,4,2.5,7.1,2,3497,9.9,25.0,Suburb,Single Family
558782.6,1962.39,4,3.5,11.4,0,1182,7.6,1.12,Hills,Single Family
499400.12,2573.09,1,1.0,0.0,2,1000,6.4,3.7,Suburb,Single Family
526146.09,1408.56,1,2.5,4.1,3,1818,4.9,2.12,Waterfront,Single Family
668278.12,2302.43,4,2.5,3.5,2,3250,5.6,3.73,Downtown,Single Family
481337.77,1681.85,1,2.0,4.3,4,3192,7.7,1.32,Hills,Single Family
458292.72,1524.28,4,4.0,24.6,2,13412,8.6,0.24,Suburb,Single Family
728852.08,1935.78,1,2.0,4.9,2,2040,7.4,4.25,Waterfront,Single Family
414107.78,1378.85,2,3.0,3.2,0,9788,8.2,2.05,Suburb,Single Family
720875.02,1667.81,2,3.0,10.5,0,5576,8.1,1.0,Waterfront,Single Family
439261.43,1281.27,1,3.5,30.1,2,14723,7.8,1.96,Hills,Single Family
663200.12,3178.84,4,2.0,4.1,1,4723,6.0,0.25,Suburb,Single Family
566217.41,2021.16,6,2.0,1.2,1,1000,7.3,15.02,Waterfront,Condo
378345.5,1580.16,3,3.5,6.6,3,4405,5.7,4.35,Suburb,Single Family
497581.88,2128.39,4,3.0,20.7,2,1000,7.0,8.43,Hills,Condo
452601.67,1932.6,5,1.5,12.0,4,1786,7.5,2.75,Suburb,Single Family
469773.59,1867.42,3,2.0,25.5,3,4459,9.5,11.68,Hills,Condo
519738.75,2368.5,2,3.0,48.1,2,4543,5.0,3.3,Hills,Single Family
528548.04,2454.5,3,3.0,23.6,1,9561,7.7,4.27,Suburb,Single Family
410090.61,1681.7,2,2.0,13.9,1,6874,9.2,3.38,Suburb,Single Family
434480.75,1654.51,2,1.0,10.2,2,13775,8.1,6.61,Suburb,Single Family
635095.64,1834.97,4,3.0,0.6,4,9553,8.2,4.18,Hills,Single Family
248654.76,800.0,1,1.5,50.0,4,8753,7.9,1.58,Suburb,Single Family
591852.61,1090.89,5,1.0,7.3,1,17492,8.9,0.79,Waterfront,Townhouse
694371.17,2820.12,2,1.0,2.5,0,9233,5.4,4.66,Hills,Single Family
629250.23,2986.98,3,3.0,16.5,0,12254,4.9,3.36,Suburb,Single Family
600404.19,1850.58,6,2.5,5.0,4,1048,7.0,0.5,Waterfront,Condo
476711.57,2345.93,3,2.5,13.2,4,3901,3.8,2.52,Suburb,Single Family
586369.89,2186.75,3,3.5,13.3,2,6667,8.8,3.62,Downtown,Condo
800000.0,3847.33,6,3.0,8.9,2,5296,8.8,8.77,Hills,Single Family
647057.61,2671.74,3,4.0,27.1,4,2644,6.3,0.4,Downtown,Condo
444556.3,1923.25,1,1.5,4.6,3,8826,6.4,2.14,Suburb,Single Family
352829.75,1426.68,1,2.5,8.9,4,10315,6.9,8.65,Hills,Condo
244956.33,1036.13,3,1.0,11.6,0,4693,7.1,5.23,Suburb,Condo
361690.59,2122.08,1,2.5,16.3,3,4063,7.2,1.71,Industrial,Single Family
269892.85,1546.19,2,2.5,23.0,1,3311,7.8,9.33,Industrial,Single Family
337840.68,1146.65,1,3.0,7.5,1,9085,6.7,3.4,Suburb,Single Family
497119.56,1612.06,3,2.5,15.6,1,3998,8.4,3.45,Downtown,Townhouse
358599.46,1351.07,1,3.0,2.4,4,5171,7.7,18.77,Hills,Single Family
593810.76,3012.28,2,3.0,40.5,4,11389,6.1,14.7,Suburb,Single Family
760514.09,2528.98,4,4.0,7.2,1,6210,9.0,2.22,Downtown,Single Family
558645.62,1995.22,3,2.0,19.6,2,5172,5.0,0.76,Hills,Single Family
779186.71,2887.97,4,1.5,0.3,0,3087,6.9,1.97,Downtown,Single Family
544374.94,2046.42,2,2.5,3.4,0,4954,8.5,0.15,Hills,Townhouse
483951.4,1483.23,2,2.0,10.0,4,2715,5.9,0.1,Downtown,Single Family
631403.14,2913.87,3,3.5,31.6,2,5929,7.5,2.52,Downtown,Condo
451189.14,2323.35,1,2.5,11.2,1,3422,7.8,14.15,Suburb,Single Family
230110.58,1377.65,2,2.0,39.9,2,3798,5.7,10.25,Industrial,Single Family
688008.89,1885.8,4,2.0,9.9,0,4984,6.9,3.58,Waterfront,Single Family
552075.84,1474.63,6,3.0,10.1,0,14940,6.8,4.16,Hills,Single Family
306544.49,1170.32,4,2.5,1.9,2,6584,6.2,0.03,Suburb,Townhouse
425646.08,2555.71,1,2.0,24.3,2,1805,10.0,1.21,Suburb,Condo
665971.2,3145.65,4,4.0,4.3,0,3998,5.9,0.13,Suburb,Single Family
283301.15,1160.86,4,2.0,34.5,2,3150,8.5,7.02,Suburb,Single Family
704879.15,2337.78,1,2.5,36.3,1,3031,6.4,0.79,Waterfront,Single Family
528528.3,1609.61,5,3.0,43.1,3,3127,5.4,10.16,Waterfront,Townhouse
303699.41,1707.72,2,1.0,11.0,4,4090,7.2,5.15,Suburb,Condo
367420.67,1644.56,1,3.0,17.0,4,2777,8.0,1.3,Hills,Condo
351696.09,1481.61,4,1.5,22.6,2,2789,8.4,0.86,Suburb,Single Family
349628.1,2029.11,3,3.0,2.1,4,3161,9.3,4.94,Industrial,Single Family
517628.21,1501.43,3,1.5,13.8,4,3033,10.0,11.55,Downtown,Single Family
561808.94,2162.27,6,3.0,0.5,2,2427,7.4,6.34,Suburb,Single Family
471564.98,1969.86,4,3.5,10.3,2,7659,6.0,2.14,Suburb,Single Family
527917.91,1856.63,6,3.0,2.5,0,3664,7.7,4.43,Suburb,Single Family
600737.09,1455.46,3,2.5,3.0,4,4240,6.6,1.86,Waterfront,Single Family
327162.74,1653.94,2,2.5,6.8,3,3985,8.4,25.0,Suburb,Condo
393374.78,2453.23,3,2.0,8.5,2,2933,5.1,6.91,Suburb,Condo
606127.88,2300.55,2,3.5,14.6,3,2344,10.0,4.76,Hills,Single Family
674257.95,1413.47,5,2.0,1.2,3,8192,8.3,2.75,Waterfront,Single Family
525553.49,2059.6,4,1.5,10.5,2,2464,4.5,4.81,Hills,Single Family
459553.66,2450.83,3,3.0,3.0,4,2572,5.9,2.09,Suburb,Condo
481713.38,998.36,5,2.0,12.8,1,9928,8.2,0.15,Waterfront,Condo
649027.86,2326.02,3,1.5,15.2,2,3204,8.8,2.51,Waterfront,Condo
244415.99,1602.43,1,1.5,12.2,2,4952,5.1,13.33,Suburb,Condo
484600.8,2342.36,3,2.0,20.1,2,3833,8.1,4.92,Suburb,Single Family
411004.98,1542.04,6,2.5,6.1,3,4809,4.1,0.44,Suburb,Single Family
388197.18,917.07,3,2.5,21.7,2,13140,6.9,10.81,Downtown,Single Family
293134.91,1023.47,2,3.5,8.5,3,2720,8.7,1.57,Suburb,Single Family
543316.89,2028.85,5,3.0,9.9,1,7677,6.2,1.4,Downtown,Condo
800000.0,2155.83,2,2.5,15.7,1,8170,4.7,1.76,Waterfront,Single Family
631676.76,1457.41,4,2.5,0.3,0,7753,7.2,4.3,Waterfront,Single Family
374388.06,2383.16,1,3.0,15.9,4,12756,6.1,3.93,Industrial,Single Family
332475.37,1003.09,3,3.5,14.5,2,1000,7.9,3.38,Hills,Townhouse
598667.07,1960.35,6,2.5,5.6,4,1401,5.7,6.32,Downtown,Single Family
340484.94,1273.39,3,2.0,1.3,2,2294,5.8,1.9,Hills,Condo
431469.7,1608.9,5,1.5,1.4,1,3357,4.0,7.62,Hills,Single Family
517973.46,2028.44,6,1.5,38.5,1,6000,7.3,0.96,Suburb,Single Family
589829.1,1483.75,5,3.0,17.5,0,2406,6.8,7.63,Waterfront,Single Family
223924.63,1769.27,4,3.0,2.0,2,2390,5.2,5.45,Industrial,Condo
800000.0,2603.78,3,3.0,6.6,2,5328,7.3,5.75,Waterfront,Single Family
431412.72,1653.86,4,2.5,13.5,4,7066,8.5,3.28,Hills,Condo
689455.07,2501.42,1,3.5,27.1,1,4885,6.7,5.5,Downtown,Single Family
379220.75,1322.18,6,2.0,0.7,1,7319,7.4,0.42,Suburb,Single Family
430678.83,2317.88,2,3.5,4.1,2,1135,7.4,9.54,Suburb,Townhouse
800000.0,2864.94,4,2.5,33.1,2,2781,5.2,0.29,Waterfront,Single Family
323390.6,800.0,1,2.0,0.1,2,2202,10.0,0.81,Hills,Single Family
192746.05,1521.86,1,3.0,3.4,0,3205,6.3,4.3,Industrial,Condo
487453.94,2346.24,6,3.0,47.9,3,4687,8.0,6.72,Suburb,Single Family
476988.75,1878.17,4,3.0,14.3,3,1000,8.2,0.4,Downtown,Condo
603038.96,2222.69,5,2.5,4.6,3,3178,6.8,12.68,Hills,Single Family
548001.5,1637.61,1,2.5,1.0,1,2757,7.9,18.17,Waterfront,Single Family
528117.28,2051.95,5,4.5,0.4,3,1245,7.4,4.66,Suburb,Single Family
378187.35,1906.59,1,3.5,4.2,1,7448,4.9,3.28,Suburb,Condo
644708.84,2700.67,2,3.0,32.0,2,4864,6.5,6.76,Hills,Single Family
454760.45,2152.65,1,2.5,8.1,2,3224,6.1,1.99,Hills,Condo
445387.84,2202.56,4,3.5,19.1,1,14306,6.3,3.4,Suburb,Townhouse
342975.11,1752.87,3,3.0,37.6,4,1363,5.0,12.39,Suburb,Single Family
329909.98,1707.44,1,2.5,7.9,1,14835,8.7,15.58,Industrial,Single Family
670868.07,1740.47,3,2.5,3.2,2,4060,9.4,13.09,Waterfront,Single Family
473709.22,2236.67,2,2.5,10.9,1,2568,8.5,1.52,Suburb,Single Family
452217.76,1747.41,2,1.0,35.8,4,3294,8.9,1.32,Suburb,Single Family
486068.05,2173.86,1,2.5,24.5,2,3583,6.5,1.77,Hills,Condo
671350.44,3245.24,3,2.0,1.0,1,16139,6.0,2.91,Suburb,Townhouse
518908.99,2522.67,2,4.0,17.7,1,6023,5.8,1.89,Suburb,Townhouse
494075.76,1804.39,3,2.5,12.7,1,1895,8.0,2.34,Waterfront,Condo
447329.54,2720.73,3,1.5,35.7,3,8160,7.3,4.85,Suburb,Condo
683711.91,1755.15,5,2.5,2.0,1,3611,6.9,7.19,Waterfront,Single Family
284728.5,800.0,6,1.5,11.5,1,1000,8.9,6.65,Downtown,Condo
463833.01,1395.15,3,3.0,31.7,3,8016,7.6,8.42,Waterfront,Condo
260566.44,877.52,5,2.5,7.9,3,8165,5.7,0.16,Suburb,Single Family
507347.54,1789.09,2,3.5,9.9,2,3772,6.0,0.24,Downtown,Townhouse
584808.65,2011.05,2,2.0,1.1,0,2895,8.0,7.79,Downtown,Single Family
705202.58,3005.86,4,2.5,4.9,1,8745,8.6,3.81,Hills,Condo
458865.61,2196.16,3,1.5,5.9,2,2768,7.8,4.32,Hills,Condo
392486.87,1868.54,2,3.0,43.5,1,10120,9.8,0.27,Suburb,Townhouse
580911.17,2497.64,1,3.0,5.0,0,2827,9.5,1.47,Hills,Single Family
364612.83,800.0,5,3.0,9.3,0,4436,7.7,5.09,Waterfront,Condo
340464.88,2141.37,3,2.5,16.7,0,6480,5.7,9.8,Industrial,Single Family
516525.96,2462.52,4,3.0,2.7,2,5535,5.0,12.44,Suburb,Single Family
422682.94,1112.85,1,4.0,10.0,0,2626,6.4,3.47,Waterfront,Condo
738390.42,2686.25,3,2.5,20.1,0,6217,8.1,3.94,Downtown,Single Family
435130.02,2203.1,4,2.5,30.2,4,7886,9.7,8.95,Suburb,Condo
241454.67,1750.83,2,1.5,14.8,3,1986,7.6,3.86,Industrial,Single Family
800000.0,2379.67,2,2.0,16.6,1,6609,8.8,3.64,Waterfront,Single Family
484453.13,3362.42,2,2.5,2.0,0,4328,6.6,11.77,Suburb,Condo
601944.99,2109.12,4,3.5,43.7,2,2109,7.9,7.8,Downtown,Single Family
627930.71,2148.93,5,2.5,2.1,0,6025,8.2,11.99,Hills,Single Family
599394.32,1724.38,2,2.5,22.4,1,8517,4.0,1.23,Waterfront,Townhouse
325322.69,1490.09,2,2.0,4.6,1,3051,6.4,3.72,Suburb,Single Family
306423.64,2498.2,4,2.0,40.7,2,6253,8.4,9.24,Industrial,Condo
471420.08,1486.35,1,2.5,19.1,2,3587,7.4,0.59,Downtown,Single Family
456679.1,2042.94,3,1.5,21.0,3,7382,5.2,7.92,Suburb,Single Family
472834.01,1713.41,1,3.5,3.7,2,9621,3.4,1.01,Hills,Single Family
429461.96,2287.39,2,2.0,8.8,2,5795,6.5,8.25,Suburb,Single Family
508651.06,2200.2,2,3.0,14.4,2,7831,6.9,4.73,Suburb,Single Family
800000.0,2622.52,1,1.5,22.0,0,8810,5.7,1.07,Waterfront,Single Family
504380.09,1693.99,4,3.0,1.6,2,3032,7.2,3.21,Hills,Single Family
546949.18,1838.08,5,3.0,49.2,0,3535,7.8,5.73,Downtown,Single Family
393043.88,1412.74,1,3.0,33.1,0,6368,8.0,5.02,Hills,Single Family
501921.88,1733.42,4,1.5,4.7,4,11099,3.5,2.79,Hills,Single Family
362472.44,2226.38,1,2.5,26.0,2,1684,5.0,11.48,Suburb,Single Family
599572.69,2454.19,6,1.5,11.0,3,6871,6.5,3.66,Hills,Townhouse
425490.92,1446.7,5,2.5,9.3,4,10486,7.9,3.52,Suburb,Condo
479445.0,2521.76,1,3.5,5.7,4,4223,7.7,0.32,Suburb,Condo
728104.89,2813.38,5,3.0,13.0,1,4787,7.7,12.76,Hills,Single Family
300223.88,2248.06,1,2.5,19.6,3,4702,6.4,0.97,Industrial,Townhouse
678255.38,3126.08,4,1.5,7.9,1,4500,6.5,3.76,Downtown,Condo
315518.47,1535.73,2,3.0,14.9,3,2555,5.9,8.14,Suburb,Condo
306659.29,1253.21,1,2.5,18.0,1,4354,8.2,1.21,Suburb,Single Family
234178.19,932.77,3,1.0,18.6,2,2628,5.6,3.75,Suburb,Townhouse
534739.89,2897.63,3,3.0,0.8,3,7470,8.3,1.38,Suburb,Condo
590837.42,2392.62,6,2.5,29.5,1,1000,7.3,7.13,Downtown,Condo
781653.4,1966.65,1,3.5,9.2,4,8576,6.9,4.15,Waterfront,Single Family
524678.31,2167.98,3,1.5,4.6,2,9491,6.0,9.69,Suburb,Single Family
312629.84,1324.71,5,1.0,4.2,0,5497,5.0,11.25,Suburb,Single Family
800000.0,3467.45,1,2.5,9.9,1,14095,6.0,5.23,Hills,Single Family
425017.06,2077.53,3,2.5,32.7,0,6552,6.5,6.46,Hills,Condo
448289.96,2065.64,4,1.0,7.1,1,6010,3.4,3.98,Suburb,Single Family
536161.09,2435.46,2,1.5,20.8,4,1000,6.7,2.43,Suburb,Single Family
800000.0,2288.61,3,4.5,1.5,2,9901,8.4,5.22,Waterfront,Single Family
501521.71,2134.33,6,2.5,9.7,2,2312,7.9,11.95,Suburb,Single Family
311494.66,1525.72,1,3.0,50.0,1,2073,6.3,2.7,Suburb,Single Family
501875.23,2282.88,3,2.0,22.1,1,5662,7.1,1.89,Hills,Condo
800000.0,3129.21,3,1.0,3.5,4,2640,6.2,2.46,Downtown,Single Family
800000.0,2807.25,1,2.5,10.4,4,4179,7.2,2.86,Downtown,Single Family
800000.0,2955.91,1,2.5,4.0,1,10426,9.3,0.38,Downtown,Single Family
507591.78,1693.27,2,2.0,7.9,4,13020,8.5,3.45,Suburb,Single Family
458047.55,1406.24,2,2.5,22.7,0,3051,7.8,3.41,Downtown,Single Family
311907.5,1924.53,6,2.5,22.1,2,4312,6.3,4.44,Industrial,Condo
398086.04,2033.43,1,2.5,3.9,0,19004,8.1,2.25,Suburb,Condo
567224.73,2656.51,3,1.5,38.3,2,12939,4.5,4.75,Downtown,Condo
279918.94,984.52,3,3.0,13.5,1,8932,6.6,10.53,Suburb,Condo
664170.6,2917.73,4,1.0,7.2,3,2634,7.9,15.56,Hills,Single Family
583517.39,1905.2,2,1.0,10.5,3,3096,8.1,4.38,Waterfront,Townhouse
356419.44,1743.87,3,3.0,13.9,0,8869,8.0,0.22,Suburb,Condo
364788.57,1392.74,4,3.0,12.3,2,1000,7.4,17.41,Hills,Townhouse
339487.32,1007.09,2,2.5,10.0,0,10003,6.7,6.12,Suburb,Single Family
527828.7,2493.9,3,1.5,10.5,2,11715,7.8,2.05,Suburb,Townhouse
351169.28,2043.99,2,2.0,2.9,1,3837,5.6,0.8,Suburb,Condo
317086.42,1226.02,4,2.5,25.1,3,13161,5.7,0.77,Suburb,Condo
329065.61,1222.95,1,1.0,11.7,2,6755,7.1,0.92,Suburb,Single Family
566358.9,1798.53,3,2.0,2.1,1,1805,7.3,0.23,Waterfront,Condo
545567.28,3001.41,5,3.0,21.8,2,5289,4.3,11.62,Suburb,Townhouse
480167.01,1844.25,2,3.5,40.4,3,2867,7.7,3.89,Waterfront,Condo
369090.0,1098.11,4,2.0,44.1,3,5794,8.2,6.02,Downtown,Single Family
396519.9,1852.55,2,3.0,6.9,0,1686,6.9,8.8,Suburb,Townhouse
477319.09,1836.37,1,1.0,2.2,1,13820,10.0,7.84,Suburb,Single Family
317396.15,800.0,3,3.0,11.0,4,7396,6.0,10.71,Hills,Single Family
467622.52,1967.42,4,2.0,1.8,3,3513,6.5,17.09,Suburb,Single Family
609124.51,1861.44,6,2.5,40.8,1,5905,6.4,2.89,Waterfront,Townhouse
510286.73,2417.72,4,2.5,3.0,0,4836,6.9,15.01,Suburb,Single Family
800000.0,3109.37,6,3.5,4.4,4,14146,6.5,6.42,Downtown,Single Family
593710.31,2675.94,4,2.0,7.8,1,4765,4.9,0.37,Downtown,Condo
348155.09,1838.67,1,3.0,7.2,3,5660,6.2,5.73,Suburb,Condo
284148.59,1336.08,1,2.5,23.7,1,1454,6.9,5.8,Suburb,Single Family
653078.81,3544.02,6,2.5,9.1,2,5756,8.8,11.81,Suburb,Townhouse
593448.54,2035.53,4,2.5,2.8,4,6578,10.0,2.33,Hills,Townhouse
568890.76,2008.36,3,2.0,4.7,1,2059,9.0,4.4,Downtown,Single Family
785551.76,1985.52,3,2.5,10.7,4,8115,5.8,0.06,Waterfront,Single Family
501179.79,2118.85,3,2.5,2.4,2,1000,6.0,2.02,Suburb,Single Family
719885.33,1913.38,3,2.5,14.2,3,4290,6.8,0.32,Waterfront,Single Family
609752.06,1655.8,1,2.5,12.5,4,1400,9.7,3.69,Waterfront,Single Family
345848.0,1671.88,1,3.0,18.8,4,5128,6.8,8.5,Suburb,Townhouse
312585.21,1980.35,3,3.0,41.6,1,3659,5.0,1.16,Suburb,Condo
441522.06,1673.95,1,1.5,36.5,2,6907,6.2,3.75,Hills,Single Family
454523.6,1572.29,3,3.0,43.8,3,4715,8.1,1.14,Hills,Single Family
531131.67,2063.86,3,1.5,4.2,0,6778,8.0,0.64,Suburb,Single Family
581722.62,1847.01,1,3.0,2.1,1,5215,6.7,3.58,Downtown,Single Family
786614.55,2902.4,2,3.0,5.4,2,10336,8.0,0.41,Hills,Single Family
171718.23,800.0,1,1.0,33.8,0,9356,3.6,4.43,Suburb,Condo
740962.08,2654.9,2,2.5,50.0,2,2746,7.2,0.16,Waterfront,Townhouse
631250.86,2747.65,4,2.0,29.4,4,9813,8.3,0.56,Suburb,Single Family
295655.55,800.0,4,2.0,1.7,3,6540,5.8,3.99,Downtown,Condo
660766.08,1794.39,1,3.5,44.2,2,10990,5.7,4.48,Waterfront,Single Family
566054.77,1777.14,3,2.0,8.3,4,2129,4.2,0.15,Waterfront,Condo
360184.05,1155.49,3,2.0,0.1,3,1677,9.4,4.26,Suburb,Single Family
351614.56,1533.31,2,2.5,8.8,0,1708,5.9,9.12,Suburb,Single Family
461541.64,1333.65,2,3.0,0.7,2,13132,7.4,6.41,Hills,Townhouse
800000.0,3051.36,3,2.5,11.8,4,11138,7.9,0.7,Waterfront,Single Family
607027.98,2561.41,2,3.5,6.2,1,9348,9.3,4.49,Downtown,Condo
800000.0,2762.93,3,3.0,9.6,2,1505,6.8,5.58,Waterfront,Single Family
685423.11,2433.0,2,1.0,14.2,2,9423,6.2,0.19,Hills,Single Family
325400.86,1322.57,1,2.0,30.5,2,1600,7.3,9.67,Hills,Single Family
553955.74,1685.29,1,2.0,16.3,1,1000,8.9,11.84,Waterfront,Single Family
422221.63,2293.62,3,3.0,8.5,2,3596,6.7,9.5,Suburb,Condo
359040.74,1266.72,4,1.0,25.7,0,4372,5.6,8.7,Hills,Single Family
699327.14,2427.8,4,4.5,35.4,0,12088,4.7,6.83,Waterfront,Condo
404610.29,1855.8,3,3.0,1.9,0,2100,5.2,5.02,Downtown,Condo
430292.54,1775.11,3,2.5,11.4,2,19941,8.3,5.68,Suburb,Condo
598321.95,2426.58,6,3.5,5.0,4,5766,6.5,8.21,Suburb,Single Family
800000.0,2266.56,4,4.5,0.7,3,4593,6.1,5.43,Waterfront,Townhouse
449841.17,1783.42,4,3.0,16.6,4,4575,5.9,1.99,Suburb,Single Family
800000.0,2695.6,5,3.5,29.8,1,1670,7.1,2.36,Waterfront,Single Family
406711.93,1351.36,1,2.5,2.7,2,3845,6.6,11.37,Hills,Single Family
646306.76,2369.56,4,2.5,25.1,3,6085,6.6,0.09,Hills,Single Family
619810.95,2355.86,2,2.0,28.8,2,9556,9.0,6.0,Hills,Single Family
227519.48,1814.27,4,2.0,36.9,3,3726,9.3,15.48,Industrial,Condo
619773.49,2195.68,5,2.0,4.6,4,5724,4.6,6.12,Downtown,Single Family
439315.56,1249.33,2,1.5,35.1,3,8580,7.5,25.0,Waterfront,Single Family
462978.6,2554.42,4,2.5,5.8,1,3635,5.8,5.82,Suburb,Condo
538631.4,1889.06,1,1.0,12.1,2,9980,6.6,0.17,Hills,Single Family
452507.53,1686.37,2,2.5,0.8,1,7439,7.5,8.77,Suburb,Single Family
423552.12,2629.41,4,2.5,0.7,2,8927,6.7,1.67,Industrial,Single Family
458595.89,1577.39,1,2.5,19.1,1,1000,7.3,2.95,Waterfront,Condo
390274.5,1154.92,1,2.0,8.8,2,3990,8.0,1.87,Hills,Single Family
461049.75,1066.02,1,5.0,4.4,1,2974,7.4,1.56,Downtown,Single Family
522490.12,2363.61,3,3.5,3.2,3,1000,6.0,2.82,Suburb,Single Family
315387.39,1231.74,3,1.5,16.6,3,9399,6.1,2.38,Hills,Condo
685057.95,3052.88,4,2.5,0.0,3,1222,4.8,5.02,Downtown,Condo
286494.98,800.0,2,2.0,24.6,0,12373,5.7,8.39,Hills,Condo
800000.0,3017.87,3,1.5,1.2,0,4822,9.9,1.76,Downtown,Single Family
800000.0,2126.61,6,1.5,3.2,1,6953,5.8,1.2,Waterfront,Single Family
447432.1,1941.97,2,3.0,7.3,1,3047,5.2,5.5,Suburb,Single Family
721713.06,1673.05,2,2.0,9.9,4,9932,7.5,5.55,Waterfront,Single Family
772324.52,2239.48,2,3.5,6.6,1,4691,6.8,11.57,Waterfront,Single Family
486781.32,1977.42,4,3.5,5.8,2,7230,6.7,0.08,Suburb,Single Family
712141.71,2661.98,1,3.5,49.8,1,10661,9.1,9.59,Downtown,Single Family
544429.83,2068.54,4,2.0,15.4,2,7921,7.8,3.68,Downtown,Condo
771228.56,2090.18,3,3.0,0.4,0,3658,6.2,4.86,Waterfront,Single Family
593946.08,1781.83,3,3.0,8.4,4,4710,6.4,0.48,Waterfront,Condo
557112.16,1965.83,5,2.0,31.2,2,9127,6.2,2.83,Hills,Single Family
800000.0,2184.68,3,2.0,5.4,0,4056,8.3,1.29,Waterfront,Single Family
319414.96,973.9,1,4.0,1.5,2,5037,6.5,1.47,Suburb,Single Family
296681.89,1191.09,1,2.5,21.3,3,6268,4.3,3.51,Suburb,Single Family
652044.41,2445.96,3,3.0,14.0,2,3048,6.9,8.37,Downtown,Single Family
463930.53,2102.52,5,2.0,12.7,2,4644,4.7,6.81,Suburb,Single Family
334762.57,1889.61,4,1.5,0.8,2,5736,10.0,4.47,Industrial,Townhouse
398179.53,2011.06,2,2.0,2.3,0,5660,5.6,3.88,Hills,Condo
468061.14,2208.55,6,2.5,14.6,0,5516,6.8,2.79,Suburb,Single Family
493982.82,1676.14,1,1.5,3.5,1,3752,7.4,18.01,Waterfront,Condo
410978.76,1533.02,4,2.5,10.5,3,5933,6.6,4.11,Hills,Condo
432031.22,2117.51,2,1.0,11.8,4,11895,6.6,1.46,Suburb,Condo
371606.67,1412.98,3,1.5,5.0,2,4699,7.6,1.31,Downtown,Condo
634150.08,2244.95,1,3.0,44.5,2,5877,9.3,4.73,Downtown,Single Family
472308.77,978.45,3,3.0,27.7,2,4636,8.2,3.7,Waterfront,Single Family
368779.8,2617.49,1,2.0,19.2,0,11486,9.2,0.04,Industrial,Single Family
790908.93,2283.56,3,1.5,1.2,0,4067,5.4,8.86,Waterfront,Single Family
651667.96,2153.62,6,1.5,1.7,0,2355,7.5,6.09,Downtown,Single Family
552860.31,2589.61,3,2.0,10.2,0,8120,7.2,5.42,Suburb,Single Family
680697.5,2999.28,2,3.0,2.6,1,3910,7.5,0.36,Hills,Townhouse
540785.42,2608.62,1,3.0,50.0,2,7809,9.1,2.25,Hills,Townhouse
369125.71,895.48,4,2.0,2.6,3,3423,6.7,13.7,Waterfront,Condo
420896.46,1232.25,4,1.5,10.0,4,1909,6.4,9.92,Waterfront,Condo
495760.22,1625.11,3,2.5,6.8,3,4816,7.8,1.68,Downtown,Townhouse
510486.15,2015.65,1,2.0,15.3,2,1354,4.3,0.85,Hills,Single Family
609793.62,2310.6,4,2.0,2.1,2,6169,6.6,2.98,Hills,Single Family
390373.55,1564.55,2,3.5,8.4,0,8833,6.8,2.2,Suburb,Single Family
514282.92,2112.06,4,3.0,4.8,1,16303,5.6,5.73,Hills,Condo
312690.72,1546.77,1,2.5,32.8,2,3305,8.6,16.97,Suburb,Single Family
427067.63,1633.09,5,1.5,0.6,1,2702,5.4,2.25,Downtown,Condo
328441.89,1156.0,3,2.5,36.8,1,8690,6.8,0.32,Suburb,Single Family
327798.07,1446.06,1,3.5,26.8,0,8275,7.4,11.4,Suburb,Single Family
269574.65,1188.99,2,2.0,5.3,0,8646,9.0,0.19,Suburb,Condo
426695.22,1414.48,1,3.5,23.4,3,16467,7.0,15.26,Suburb,Single Family
800000.0,2632.19,5,3.5,0.5,1,5044,8.4,5.46,Waterfront,Single Family
378983.68,1430.36,1,4.0,50.0,1,18668,8.1,14.21,Suburb,Single Family
718222.82,3579.43,3,2.5,11.2,4,3807,7.2,1.11,Suburb,Single Family
569533.08,2295.99,2,3.0,5.4,3,2895,5.4,0.21,Downtown,Condo
708144.31,2110.9,3,3.5,6.8,2,2674,4.8,3.35,Waterfront,Single Family
376672.25,1484.99,2,3.0,1.0,4,2534,7.2,2.99,Suburb,Single Family
554077.75,2420.19,5,2.0,50.0,2,16984,6.2,2.01,Suburb,Single Family
402582.41,1654.62,4,2.0,0.6,1,11086,8.4,15.81,Hills,Condo
669467.56,2073.21,5,2.5,16.0,4,15999,8.1,8.65,Hills,Single Family
649472.72,3536.05,2,1.5,8.8,4,1000,6.7,5.42,Hills,Condo
329104.01,1942.36,3,2.5,44.6,4,1589,5.3,0.89,Suburb,Condo
760001.71,2689.56,2,3.5,4.2,3,3924,7.8,6.63,Downtown,Single Family
411627.04,1578.09,1,1.0,11.4,1,3461,5.5,6.49,Waterfront,Condo
378728.1,1979.01,3,3.5,9.9,3,5898,5.9,2.77,Suburb,Condo
569509.04,3062.48,1,3.5,18.2,0,5138,5.5,12.94,Suburb,Single Family
565552.29,1623.82,6,2.0,1.1,0,2056,6.8,0.91,Downtown,Single Family
772689.71,3087.47,6,3.0,3.2,4,3160,8.8,1.56,Hills,Townhouse
612582.17,2424.65,3,2.5,3.6,4,4103,7.0,0.33,Downtown,Condo
477573.27,1662.52,4,3.5,20.1,2,1777,6.3,7.93,Hills,Single Family
604772.71,2379.44,1,3.5,3.1,1,4528,4.7,4.86,Hills,Single Family
457511.56,2583.53,1,1.5,12.8,1,1889,7.8,1.89,Suburb,Condo
477593.36,2373.09,2,3.0,3.6,1,4429,5.8,0.89,Hills,Condo
366710.1,1057.87,3,2.5,29.7,3,2339,7.2,0.2,Waterfront,Condo
491466.97,1563.72,3,2.5,42.8,0,9398,6.5,0.91,Hills,Single Family
350681.08,1851.49,1,2.0,11.0,2,6742,8.3,3.02,Suburb,Condo
515010.22,1955.34,4,4.0,6.5,0,6623,6.8,1.42,Hills,Single Family
537187.83,2372.4,1,3.5,4.0,2,8181,6.9,1.5,Suburb,Single Family
475282.83,2106.62,3,2.0,0.8,0,7000,7.7,10.42,Hills,Condo
291646.18,1198.79,3,1.5,4.7,4,9439,10.0,3.62,Suburb,Townhouse
512214.48,2228.12,1,2.0,15.9,2,5535,8.3,6.53,Suburb,Single Family
632775.57,2366.35,2,3.0,11.4,2,8100,6.9,0.18,Hills,Single Family
516933.11,2335.87,4,2.5,43.2,4,6479,7.0,2.27,Hills,Condo
800000.0,2648.47,2,3.5,7.6,1,6445,6.2,3.26,Waterfront,Single Family
377568.41,2500.35,1,3.0,17.8,3,1263,5.6,1.03,Suburb,Condo
385460.88,2275.51,4,3.5,10.1,0,2096,6.2,0.64,Suburb,Condo
267359.6,1957.9,1,3.0,10.8,1,5943,5.8,10.21,Industrial,Single Family
311792.02,1003.42,2,1.5,4.7,2,2687,8.0,14.02,Hills,Townhouse
504409.04,2257.77,5,2.5,9.1,1,4703,5.4,0.41,Hills,Condo
503136.18,2124.61,1,3.5,9.5,2,3258,9.0,2.15,Downtown,Condo
359933.16,2162.95,5,2.5,18.4,0,3361,8.1,15.88,Suburb,Condo
450992.34,1233.95,4,3.0,42.4,1,5118,7.0,0.43,Waterfront,Condo
456972.11,1351.37,4,2.0,6.0,0,4015,7.0,5.16,Hills,Single Family
789032.62,2631.89,3,1.5,0.6,4,12223,6.2,17.92,Downtown,Single Family
448701.17,1976.27,6,2.5,10.3,2,1397,7.4,19.13,Hills,Condo
800000.0,2408.9,2,2.5,11.8,1,7389,8.6,3.19,Waterfront,Single Family
457186.07,2016.99,4,2.0,2.8,0,8418,5.9,0.89,Suburb,Single Family
390320.77,2017.85,2,2.5,21.4,4,12780,4.7,1.13,Suburb,Condo
406133.48,2562.97,5,1.5,50.0,1,5210,8.1,11.02,Suburb,Condo
584153.51,1690.37,3,3.5,43.7,3,7848,7.5,12.13,Waterfront,Single Family
563439.55,2057.67,3,2.5,3.3,2,12119,5.3,4.68,Downtown,Condo
286885.45,1722.63,3,3.5,31.2,1,3047,5.9,7.27,Suburb,Condo
464825.8,1739.3,1,3.5,18.3,1,2351,5.7,6.73,Hills,Single Family
485795.99,1814.5,3,2.5,9.1,4,5387,5.9,5.42,Downtown,Condo
498574.69,2133.28,6,1.5,11.7,1,4173,6.5,8.78,Suburb,Single Family
403124.49,1712.75,3,1.0,28.4,1,7959,6.6,5.78,Suburb,Single Family
800000.0,2753.45,1,1.5,9.8,2,1484,6.0,3.82,Waterfront,Single Family
530847.11,1463.24,3,1.5,7.0,2,11597,5.9,1.35,Hills,Single Family
442020.34,1887.88,3,3.5,10.2,0,5979,6.7,6.81,Suburb,Single Family
406920.63,1736.16,2,2.5,13.0,2,4077,7.3,3.21,Hills,Condo
789407.03,2868.19,3,3.0,3.1,1,4968,6.5,1.75,Waterfront,Condo
575104.27,2117.93,1,1.0,34.7,3,9812,8.7,8.1,Downtown,Single Family
497024.31,2619.11,6,1.5,16.8,1,7093,7.8,5.97,Suburb,Condo
257199.86,1108.66,1,3.0,15.0,2,4895,4.6,13.85,Suburb,Single Family
480001.17,2160.23,1,2.5,1.6,4,4254,7.8,0.9,Suburb,Single Family
510413.25,2533.78,3,2.5,13.9,3,4403,7.9,5.24,Hills,Condo
735172.91,2049.37,2,3.0,1.9,0,7729,6.3,1.4,Waterfront,Single Family
570716.4,2639.29,2,4.0,1.2,2,3991,4.8,11.7,Suburb,Single Family
348101.29,1689.63,3,2.5,11.2,4,7322,7.0,0.52,Suburb,Condo
581717.18,2845.61,4,2.5,7.7,0,2415,7.0,5.34,Suburb,Single Family
800000.0,3379.34,3,2.5,13.3,3,2773,5.3,7.83,Waterfront,Condo
445204.22,1782.3,6,4.5,1.4,2,4854,4.8,2.19,Suburb,Single Family
597692.73,1732.7,3,1.0,8.5,3,4228,6.9,15.41,Waterfront,Single Family
575924.39,2872.03,3,3.0,2.9,2,2911,6.7,9.51,Suburb,Single Family
800000.0,2947.74,3,2.5,50.0,3,1875,6.4,1.75,Waterfront,Single Family
561351.22,1686.28,5,3.0,12.4,1,2570,6.9,0.04,Hills,Single Family
494190.59,1747.89,5,2.0,17.4,3,13504,5.3,1.76,Suburb,Single Family
375403.56,1830.93,4,2.5,5.9,1,2903,6.3,1.65,Suburb,Condo
214747.74,1193.33,4,3.0,1.5,4,5134,7.8,11.03,Industrial,Townhouse
334343.67,1448.81,2,5.0,50.0,0,2902,6.5,17.07,Suburb,Single Family
646236.51,1397.52,6,3.0,5.1,4,3918,4.5,0.37,Waterfront,Single Family
554307.66,1539.32,3,2.0,8.3,3,9019,6.3,3.19,Downtown,Single Family
610503.25,1979.19,2,2.0,15.7,2,4155,5.4,3.97,Waterfront,Townhouse
628796.81,2140.53,6,2.0,0.4,3,3789,7.4,0.49,Downtown,Townhouse
455936.19,2930.3,4,1.0,24.9,1,3045,7.5,2.37,Industrial,Single Family
350429.48,1400.99,3,2.0,11.5,3,4030,4.5,1.91,Hills,Condo
738740.89,2590.59,3,3.0,4.9,1,6471,8.1,3.84,Hills,Single Family
532166.93,1871.61,6,1.5,1.0,2,1000,5.3,5.41,Hills,Single Family
755352.58,1970.32,4,3.5,2.7,2,1628,9.3,6.08,Waterfront,Single Family
494225.56,2404.89,2,3.0,33.8,1,6580,6.9,0.74,Suburb,Single Family
354948.15,1326.37,1,2.0,17.4,2,5071,5.1,8.38,Hills,Single Family
320867.44,2229.45,3,2.5,4.3,2,3175,5.3,5.67,Industrial,Single Family
393716.59,2099.87,4,4.0,1.0,2,6845,7.5,10.99,Suburb,Condo
669134.04,2295.47,5,3.0,17.6,4,3641,6.4,2.98,Hills,Single Family
800000.0,2173.5,6,2.5,12.7,1,8927,6.9,11.22,Waterfront,Single Family
800000.0,3473.18,2,2.5,7.8,0,3069,9.4,10.04,Waterfront,Single Family
414258.58,1617.36,4,2.5,6.8,4,2365,6.0,2.88,Suburb,Single Family
509457.47,1681.4,4,2.0,3.7,4,20000,7.1,2.4,Suburb,Single Family
529444.6,1626.12,1,1.0,16.6,3,7752,9.1,13.5,Downtown,Single Family
359114.22,1666.71,4,4.0,50.0,4,2642,7.4,6.28,Suburb,Single Family
619909.71,1617.57,5,2.5,2.9,2,3662,4.6,13.17,Waterfront,Single Family
555357.08,2713.41,2,3.0,13.6,0,3081,7.8,7.97,Suburb,Single Family
579691.56,2852.3,5,2.5,8.3,0,1136,5.3,4.7,Suburb,Single Family
220523.97,1657.55,4,2.0,8.9,3,3842,9.1,0.62,Industrial,Condo
364587.64,1500.59,5,2.5,4.4,4,5452,5.8,1.72,Suburb,Condo
523121.91,2282.85,2,1.0,26.2,2,11824,10.0,17.34,Suburb,Single Family
538987.43,1668.67,2,4.5,10.0,0,4533,9.2,1.92,Downtown,Single Family
632049.31,2379.76,1,1.5,11.8,0,3408,5.8,0.49,Downtown,Single Family
639564.55,2121.75,4,1.5,5.5,1,12791,7.0,6.15,Hills,Single Family
493112.43,1090.55,1,2.0,3.0,1,11045,8.1,6.62,Waterfront,Single Family
751321.0,2928.5,2,3.5,1.3,2,5428,8.2,1.68,Hills,Single Family
800000.0,3077.53,3,2.5,18.8,0,5059,7.7,1.77,Downtown,Single Family
600573.83,1632.33,2,1.5,3.3,0,6419,8.9,3.16,Waterfront,Townhouse
392756.97,1767.38,2,3.5,17.6,1,3038,6.8,0.11,Suburb,Single Family
443285.78,2171.52,1,3.0,7.4,2,4910,6.4,7.79,Suburb,Single Family
621886.59,2200.67,3,3.0,8.1,1,2943,6.5,1.91,Downtown,Single Family
687480.69,2395.13,4,3.0,9.5,4,11286,8.3,9.61,Downtown,Townhouse
551357.49,3206.12,6,4.5,6.9,2,2464,7.5,8.11,Suburb,Condo
580671.99,1893.83,3,4.0,1.6,3,5732,7.4,5.41,Downtown,Single Family
255226.78,1521.02,2,2.0,5.6,2,5930,8.2,1.96,Industrial,Condo
376267.24,1172.41,3,4.0,16.3,3,11900,3.9,3.63,Suburb,Single Family
345857.83,1561.44,1,3.0,16.4,0,3375,7.5,2.94,Downtown,Condo
385366.5,1980.12,2,3.0,5.1,4,2844,7.3,2.07,Suburb,Condo
800000.0,3076.73,1,1.0,9.2,2,7465,9.5,9.42,Waterfront,Single Family
432526.7,1689.43,3,2.5,3.2,2,6811,4.7,3.3,Downtown,Condo
671670.44,2134.27,4,2.0,3.5,1,16242,9.3,8.94,Hills,Single Family
324559.79,1990.15,2,3.0,0.3,2,5499,7.1,0.56,Industrial,Single Family
645856.11,2713.04,2,3.5,34.1,1,11137,7.7,0.76,Suburb,Single Family
580083.88,3516.16,3,1.0,3.5,1,10341,9.5,18.93,Suburb,Condo
488904.59,1681.48,2,2.5,3.9,0,2832,7.8,4.43,Downtown,Single Family
639669.06,1706.34,2,3.5,4.9,3,1310,7.6,3.56,Waterfront,Single Family
506009.95,2626.5,3,2.5,2.0,4,3893,7.4,3.7,Suburb,Condo
488397.2,2409.13,1,3.0,15.3,2,8699,6.3,1.21,Suburb,Single Family
704138.95,3108.02,6,3.0,1.2,1,12027,7.0,6.34,Suburb,Single Family
800000.0,2350.36,2,3.0,2.2,0,1000,5.9,0.44,Waterfront,Single Family
397802.74,1784.42,2,2.5,15.5,1,2450,6.9,4.26,Suburb,Single Family
489451.38,2354.39,2,1.5,6.2,2,6419,3.5,4.23,Suburb,Single Family
800000.0,2665.22,4,1.5,18.5,0,7682,7.6,12.28,Waterfront,Single Family
747484.13,2492.29,1,3.0,12.2,2,2149,6.8,3.73,Waterfront,Townhouse
469860.98,2304.36,2,2.5,4.4,1,2935,6.5,0.74,Hills,Condo
708456.76,2640.0,4,2.5,15.8,1,1051,7.3,4.25,Downtown,Single Family
731513.91,2701.58,3,2.0,1.9,4,13781,4.8,0.48,Hills,Single Family
800000.0,2829.3,3,2.5,11.5,0,5760,9.9,1.14,Waterfront,Single Family
583439.04,2389.23,3,3.5,8.6,2,2905,6.8,0.16,Downtown,Condo
800000.0,1899.73,6,2.0,4.7,0,10653,6.8,3.6,Waterfront,Single Family
485729.25,2088.03,3,1.5,13.9,0,5756,5.6,0.44,Suburb,Single Family
573801.4,2723.91,3,3.0,30.8,0,11888,7.0,3.17,Hills,Condo
451471.21,1509.84,1,2.5,50.0,3,12995,9.1,13.51,Downtown,Single Family
783729.82,2221.2,2,2.5,14.0,4,2155,8.6,6.36,Waterfront,Single Family
400991.53,1764.0,4,4.0,7.8,4,11078,8.3,0.4,Suburb,Condo
298766.75,2017.25,3,2.5,3.8,1,10808,7.8,1.27,Industrial,Condo
628518.16,2767.07,3,2.5,4.5,2,6858,6.5,5.6,Suburb,Single Family
248737.68,2114.66,2,1.5,9.8,2,7239,4.8,11.25,Industrial,Condo
575176.94,2027.86,3,2.5,6.9,1,5472,6.7,0.17,Hills,Single Family
209053.01,1184.09,1,3.0,36.8,3,1803,6.6,8.37,Suburb,Condo
648603.11,2447.75,2,1.5,6.9,3,1672,8.6,4.13,Hills,Single Family
313380.44,2387.29,2,2.5,7.0,2,14147,7.5,3.95,Industrial,Condo
559771.77,3297.95,3,2.5,7.3,1,5750,9.4,15.83,Suburb,Townhouse
419011.68,1815.33,5,2.5,27.2,3,4100,8.8,6.88,Suburb,Townhouse
714429.51,2131.49,3,3.5,15.8,0,7548,6.3,9.49,Waterfront,Townhouse
507528.34,2149.63,6,3.0,14.3,3,2812,4.3,2.18,Suburb,Single Family
800000.0,2946.47,2,3.5,6.1,2,3544,9.1,4.04,Downtown,Single Family
434491.94,1942.82,5,1.5,25.5,1,5085,9.0,4.78,Suburb,Single Family
436804.18,2167.41,6,2.5,0.6,3,3194,5.0,1.94,Suburb,Condo
471704.09,2364.74,6,2.5,30.7,3,7043,9.3,4.22,Suburb,Condo
479369.99,2111.97,3,1.5,10.8,2,4511,7.6,1.35,Suburb,Single Family
557146.75,1732.14,4,3.5,7.6,3,7008,7.2,0.77,Hills,Townhouse
506672.74,2116.45,3,4.5,10.3,2,7474,9.4,2.34,Hills,Condo
741275.84,2644.18,2,2.5,16.5,1,10478,9.0,6.72,Downtown,Townhouse
512165.41,1384.09,5,3.0,0.2,3,3901,8.0,12.4,Waterfront,Condo
679577.93,2079.78,4,2.5,30.8,1,2110,7.7,3.06,Waterfront,Single Family
293062.66,1579.93,2,2.0,8.9,2,11886,7.9,5.15,Industrial,Single Family
716642.5,2717.03,1,1.0,6.3,2,1000,6.4,0.54,Downtown,Single Family
363150.12,1086.09,1,2.0,2.2,4,20000,6.9,11.74,Suburb,Single Family
351522.33,1664.65,5,1.5,8.7,1,3045,5.6,4.2,Hills,Condo
514534.53,2226.33,6,4.0,10.3,1,4548,6.5,7.58,Hills,Condo
538434.23,2939.31,1,2.5,7.8,2,1823,6.5,7.91,Hills,Condo
444449.23,1960.55,2,2.0,17.0,3,5404,6.0,1.48,Hills,Condo
572404.72,1666.88,5,3.0,8.2,1,3174,7.2,3.77,Downtown,Single Family
800000.0,3128.69,4,1.5,48.8,1,1880,6.5,16.15,Waterfront,Single Family
291376.52,1131.19,3,2.0,13.7,2,1498,7.8,0.47,Suburb,Single Family
215508.06,800.0,2,2.5,24.7,1,2624,4.6,5.75,Suburb,Single Family
569481.41,2264.01,1,3.5,1.7,2,8034,6.8,16.39,Hills,Single Family
560204.32,1698.77,4,3.0,7.6,2,7087,7.2,1.79,Downtown,Single Family
322795.67,1387.26,5,2.5,6.2,1,2222,6.5,9.88,Suburb,Single Family
591524.31,2425.01,2,2.5,12.6,1,3765,6.7,13.56,Hills,Single Family
391382.8,2146.28,3,3.0,29.6,2,9376,4.6,6.87,Suburb,Condo
298431.7,1661.55,6,2.5,1.2,1,3878,7.5,1.32,Industrial,Single Family
289699.19,1231.82,5,1.5,1.1,2,12091,8.0,2.03,Industrial,Single Family
800000.0,2523.47,3,2.5,28.5,2,19062,7.7,0.18,Waterfront,Single Family
431816.6,2390.12,1,1.5,3.6,3,2650,8.6,8.9,Suburb,Townhouse
384220.52,1940.49,3,2.5,16.6,3,2943,7.3,9.47,Suburb,Single Family
713839.45,3107.98,4,2.0,11.7,2,13305,7.7,5.01,Suburb,Single Family
280994.1,1357.95,1,4.5,26.8,4,3826,7.2,2.17,Suburb,Condo
359552.38,1084.68,3,2.5,2.0,4,9820,8.0,0.4,Suburb,Single Family
250167.3,1584.86,3,1.5,2.1,1,5729,4.6,6.99,Industrial,Townhouse
474722.11,1972.65,4,2.5,12.2,3,4231,5.7,6.48,Suburb,Single Family
481439.78,2146.0,1,3.0,43.9,1,7746,9.4,12.19,Hills,Single Family
559508.52,1855.26,2,4.0,8.0,0,13421,3.3,6.56,Downtown,Single Family
746236.29,2211.23,3,2.0,5.9,3,10888,6.8,8.82,Waterfront,Condo
406396.04,1249.08,2,1.0,14.0,3,4753,8.8,6.85,Hills,Single Family
565168.79,2866.26,1,3.0,40.0,0,5849,6.9,4.98,Suburb,Single Family
449974.89,1950.71,1,1.5,27.2,0,9873,6.4,2.78,Suburb,Single Family
800000.0,2670.38,3,2.0,50.0,4,6107,7.2,11.62,Waterfront,Single Family
654382.08,2205.64,1,2.5,0.3,1,14726,6.5,5.26,Hills,Single Family
687879.57,2274.05,3,2.5,1.8,4,1000,7.0,2.54,Waterfront,Condo
411432.69,2341.86,1,3.0,14.1,2,2775,6.0,0.44,Suburb,Condo
490468.35,2268.63,1,2.0,25.8,2,7309,8.7,1.72,Suburb,Single Family
412466.96,2385.63,6,2.5,5.0,3,3456,9.1,3.92,Industrial,Single Family
628170.39,2797.49,3,2.5,4.1,2,13711,6.8,1.61,Hills,Condo
435795.95,2117.91,2,2.5,23.2,2,2940,4.9,1.25,Suburb,Single Family
620261.17,2425.4,4,2.5,0.9,0,5403,6.2,3.75,Hills,Single Family
451940.57,1946.16,4,3.0,6.9,3,2612,6.7,0.93,Suburb,Single Family
472143.19,2864.07,1,3.0,10.6,2,4631,7.8,8.06,Suburb,Condo
309612.06,1594.16,3,3.0,12.3,2,1000,5.5,3.31,Suburb,Townhouse
479206.24,3080.56,3,3.0,19.6,1,1423,5.8,4.26,Suburb,Condo
800000.0,1975.91,6,1.0,6.6,1,18387,7.8,0.8,Waterfront,Single Family
439964.95,1141.53,3,2.5,14.2,1,5065,8.4,1.96,Downtown,Single Family
401213.39,2076.86,2,3.0,13.2,3,3715,6.1,2.64,Suburb,Condo
421920.25,1591.37,4,3.0,11.9,1,1827,5.0,8.26,Hills,Single Family
800000.0,2504.39,2,2.0,15.3,4,2132,10.0,7.35,Waterfront,Townhouse
712895.42,1608.43,2,2.0,4.5,2,17010,8.2,1.26,Waterfront,Townhouse
513282.95,1732.29,3,2.0,1.3,1,5308,6.6,4.79,Hills,Single Family
373081.96,866.28,1,3.0,1.9,1,10674,8.3,1.39,Downtown,Townhouse
595699.1,1728.62,1,3.5,3.8,3,3096,6.8,22.22,Waterfront,Single Family
330585.88,800.0,3,2.0,10.4,2,15404,8.3,15.2,Hills,Condo
487720.88,1049.66,4,3.0,27.5,0,3293,7.2,4.14,Waterfront,Single Family
583590.72,2456.25,6,2.5,18.1,3,2012,7.1,6.0,Suburb,Single Family
568386.08,2471.48,4,2.5,23.3,1,6851,6.8,8.08,Downtown,Condo
449660.85,2255.27,2,2.5,6.5,0,1215,4.8,6.38,Hills,Condo
409054.02,1419.81,2,3.0,7.8,4,1000,9.9,6.02,Suburb,Single Family
590011.19,1971.37,6,3.0,7.5,1,13725,5.6,15.92,Hills,Single Family
760096.14,1997.84,4,4.5,3.2,4,2600,5.0,4.54,Waterfront,Single Family
596023.95,1304.98,3,2.0,0.9,3,7819,6.7,5.06,Waterfront,Single Family
793430.49,2902.04,1,3.0,13.4,3,17452,5.6,9.46,Hills,Single Family
800000.0,2526.42,2,2.0,50.0,3,5173,6.9,5.54,Waterfront,Single Family
442316.94,1867.42,1,2.0,2.7,3,7628,8.0,6.6,Suburb,Single Family
713909.88,2016.13,3,2.5,0.7,1,1000,8.5,1.33,Waterfront,Single Family
572361.28,2125.03,4,2.5,22.7,0,2386,8.2,2.32,Hills,Single Family
304033.6,800.0,1,5.0,4.4,1,15253,6.5,0.8,Suburb,Single Family
363904.03,1851.69,2,2.5,26.5,1,3734,7.1,3.52,Suburb,Single Family
416079.55,1590.81,5,1.5,18.3,0,1465,7.6,3.04,Downtown,Townhouse
355410.87,1399.03,5,2.5,43.7,1,7343,4.4,25.0,Hills,Single Family
599644.2,1831.34,3,1.0,7.9,3,12306,7.9,4.72,Downtown,Townhouse
742517.34,3078.61,1,2.5,16.3,0,3302,4.8,7.72,Waterfront,Condo
465185.29,2384.51,3,2.5,9.4,0,7357,10.0,2.03,Suburb,Condo
361621.88,1657.29,2,3.0,14.9,2,9574,6.4,8.91,Suburb,Condo
668496.96,2343.55,5,3.5,9.0,1,4291,6.7,4.77,Waterfront,Condo
